"RowIndex","Agent1","Agent2","CountryCode1","CountryCode2","Year","Theta1","Theta2","Lambda1","Lambda2","Prob_SQ","Prob_ACQ1","Prob_ACQ2","Prob_NEGO","Prob_CAP1","Prob_CAP2","Prob_WAR1","Prob_WAR2","Prediction","GroundTruth","PredictionCorrect","TotalProbability","U1_Acq1","U1_Acq2","U1_Cap1","U1_Cap2","U1_Nego","U1_SQ","U1_War1","U1_War2","U2_Acq1","U2_Acq2","U2_Cap1","U2_Cap2","U2_Nego","U2_SQ","U2_War1","U2_War2"
1,"RUSSIAN FEDERATION","SWEDEN",365,380,1992,1.5708,0,1,1,0.2122281941925621,0.014823975443463179,0.4187516630848619,0.08368550587543375,0.014321345832469815,0.07679451166853195,0.0891496283024714,0.09024517560020592,"ACQ2","CAP1",0,1.,-0.982293,1.1114,-1.067451,1.036781,0.933105,0.081564,0.815907,0.773328,1.033984,-1.03131,1.02785,-1.956108,-0.875994,0.001675,-1.806925,-1.344527
2,"SWITZERLAND","UNITED STATES",225,2,1984,1.5708,0,1,1,0.10388584435742543,0.13407612782944725,0.09620309324279036,0.12243280582967397,0.0650862775563153,0.04497629612672887,0.2994135111078343,0.1339260439497847,"WAR1","SQ",0,1.0000000000000002,-1.281306,0.948001,-1.986576,1.012532,-0.624263,-0.218951,-0.912367,-1.265002,0.308728,-1.520654,0.511363,-1.595174,0.172402,-0.736031,0.300516,0.337776
3,"BELGIUM","RUSSIAN FEDERATION",211,365,1934,1.5708,0,1,1,0.14381235029110595,0.08286887078181852,0.32601354927085546,0.07827795334548643,0.0451554769829672,0.08984003023845763,0.15371137367774948,0.08032039541155932,"ACQ2","SQ",0,1.,-0.599805,1.308738,-1.209536,1.139804,0.14504,0.432865,-0.328759,-0.633624,1.058411,-0.804671,0.895871,-1.429171,-0.105084,0.151805,-0.892125,-0.579875
4,"GERMANY","BELGIUM",255,211,1936,1.5708,0,1,1,0.24391036657352402,0.13308382553402165,0.2994704920678269,0.09373223685883725,0.05116558861976957,0.07160803999502448,0.06219417576211157,0.0448352745888845,"ACQ2","NEGO",0,1.,0.446258,0.7589,-0.102889,0.485873,0.587214,0.605581,0.039613,-0.234961,0.56053,0.248491,0.269757,-0.271352,0.398319,0.406398,-0.412298,-0.152376
5,"RUSSIAN FEDERATION","GERMANY",365,255,1936,1.5708,0,1,1,0.1455929559948345,0.09689933030121857,0.2966317453123588,0.07325577246204044,0.04900883282767324,0.08588602718320061,0.17288422520469515,0.07984111071397879,"ACQ2","CAP2",0,1.,-0.764572,1.037086,-1.467119,0.989216,-0.228663,0.160934,-0.627807,-0.979081,1.420187,-0.423719,1.353287,-1.008025,0.342782,0.605581,-0.308424,-0.016271
6,"RUSSIAN FEDERATION","FRANCE",365,220,1941,1.5708,0,1,1,0.19399977499429388,0.01937953819540598,0.3924513288602827,0.08827417635244254,0.01809461393039179,0.08068236347252508,0.11045630435609692,0.09666189983856094,"ACQ2","WAR2",0,1.,-1.001219,1.427093,-1.213451,1.189751,0.911728,0.301285,0.56827,0.462154,1.123904,-1.195707,1.077016,-2.040083,-0.83472,-0.048403,-1.725983,-1.303795
7,"FRANCE","GREECE",220,350,1940,1.5708,0,1,1,0.20818086921604106,0.06488797742874026,0.36858322211249583,0.07823922034062049,0.039644853627866815,0.07433960018593752,0.08370977749915832,0.08241447958913982,"ACQ2","WAR2",0,1.,-0.38133,0.706037,-0.582098,0.568778,0.487728,0.171738,0.250086,0.149702,1.043207,-0.072867,1.021618,-0.947157,0.067435,0.517181,-0.828445,-0.391299
8,"TURKEY","RUSSIAN FEDERATION",640,365,1940,1.5708,0,1,1,0.11394637922452862,0.1300474771409294,0.10861885432150217,0.11786638189084699,0.06389963688082585,0.0462157584530679,0.2923248932898144,0.1270806187984847,"WAR1","NEGO",0,1.,-1.335002,1.392888,-2.078665,1.381138,-0.635743,0.045838,-1.019325,-1.391157,1.438358,-1.310057,1.407073,-1.627543,0.565774,0.102794,0.217002,0.375745
9,"RUSSIAN FEDERATION","BELGIUM",365,211,1960,1.5708,0,1,1,0.1765544096585998,0.008745767126453084,0.46115063525654926,0.05099891842827675,0.010288753700700811,0.09470278180098138,0.13527941424544843,0.06227931978299047,"ACQ2","ACQ2",1,1.,-1.635671,1.427061,-2.083981,1.53796,0.054008,-0.201016,-0.059248,-0.283403,1.930244,-1.27824,1.951268,-2.173651,-0.942666,0.847896,-1.817052,-1.369347
10,"RUSSIAN FEDERATION","UNITED STATES",365,2,1978,1.5708,0,1,1,0.10273378488928278,0.1776022393516089,0.07635544724990448,0.15342628487644333,0.06825121869977016,0.03940196669463267,0.2814533546944568,0.10077570354390097,"WAR1","ACQ1",0,1.,-1.273174,1.664342,-2.122254,1.610711,-0.829842,0.355355,-1.308012,-1.732552,0.950688,-1.589457,0.630895,-1.689529,0.696489,-0.475236,0.276622,0.326659
11,"GERMANY","FRANCE",255,220,1832,1.5708,0,1,1,0.12014523876744469,0.11932789817147273,0.17415060117699238,0.09674767335379128,0.05975073566468645,0.065308473698872,0.26060394260873626,0.10396543655800414,"WAR1","CAP1",0,0.9999999999999999,-1.175486,1.423024,-1.945902,1.380327,-0.578911,0.185979,-1.006817,-1.392025,1.445143,-1.160722,1.338786,-1.588844,0.329515,0.214708,-0.204964,0.009097
12,"UNITED KINGDOM","SWEDEN",200,380,1915,1.5708,0,1,1,0.20215627503374653,0.01662143701618864,0.4052872965045738,0.08997523437081145,0.01641320407214085,0.0777100929602367,0.09675898012827822,0.09507747991402396,"ACQ2","CAP2",0,1.,-0.959089,1.404492,-1.10452,1.141256,1.060754,0.308034,0.724802,0.652086,1.003114,-1.210468,0.967673,-2.095414,-0.955788,-0.135367,-1.876176,-1.433702
13,"CROATIA","BOSNIA AND HERZEGOVINA",344,346,1992,1.5708,0,1,1,0.2210365664812527,0.16085230091946992,0.23138807810877518,0.08548356991709374,0.05454212438798142,0.07911961333269887,0.1115633733402384,0.05601437351248989,"ACQ2","WAR1",0,1.,-0.175241,0.212433,-1.103048,0.211082,-0.147254,0.018723,-0.612509,-1.076413,0.237107,-0.152495,0.219759,-0.225962,0.208484,0.042598,0.11767,0.154403
14,"RUSSIAN FEDERATION","HUNGARY",365,310,1941,1.5708,0,1,1,0.14323020993545213,0.0804637858773747,0.36897694100152356,0.056452622987863264,0.041829434530770634,0.09391333112683223,0.14652299046831208,0.0686106840718714,"ACQ2","WAR2",0,1.,-0.740809,1.229832,-1.444378,1.140522,-0.15665,0.301285,-0.597745,-0.94953,1.621433,-0.328626,1.540152,-1.058845,0.197464,0.825707,-0.614035,-0.248926
15,"GERMANY","LUXEMBOURG",255,212,1939,1.5708,0,1,1,0.209591304917597,0.012622561339336048,0.42072325290743956,0.08544561421741168,0.013305323080860774,0.07705391582150009,0.09155870784241957,0.08969931987343532,"ACQ2","WAR1",0,1.,-1.028498,1.283308,-1.136678,1.129892,1.033217,0.172026,0.825711,0.771621,1.176192,-1.097535,1.162075,-2.015471,-0.910943,0.052304,-1.842996,-1.384029
16,"ITALY","RUSSIAN FEDERATION",325,365,1980,1.5708,0,1,1,0.10123559590016207,0.15038242830444237,0.1564030632238702,0.09973204750079048,0.06589849858037158,0.06467154852565124,0.272154347720867,0.08952247024384512,"WAR1","ACQ2",0,1.,-1.301457,1.847502,-2.180617,1.773357,-0.920937,0.613588,-1.434663,-1.874243,1.470566,-1.551918,1.104525,-1.955359,0.251171,-0.075927,-0.518311,-0.316591
17,"TURKEY","CYPRUS",640,352,1988,1.5708,0,1,1,0.18239726644997303,0.021197139184519397,0.36088399834643586,0.09604847871271974,0.01875813747341684,0.08130485813160064,0.13245603385302981,0.1069540878483048,"ACQ2","WAR1",0,1.,-1.078438,1.315921,-1.297671,1.187254,0.791,0.164795,0.552717,0.443101,0.946451,-1.282022,0.907478,-2.04553,-0.755005,-0.220392,-1.557485,-1.175731
18,"BULGARIA","TURKEY",355,640,1987,1.5708,0,1,1,0.12863097231293716,0.05723282847222669,0.241569146091501,0.0909493728922897,0.037468438913062535,0.07647477376801069,0.2492840306664709,0.11839043688350137,"WAR1","CAP2",0,1.,-1.448181,1.595227,-2.05192,1.539734,-0.242198,0.140042,-0.599561,-0.901431,1.591179,-1.450405,1.534147,-2.043162,-0.211742,0.133844,-0.86153,-0.565152
19,"BULGARIA","TURKEY",355,640,1915,1.5708,0,1,1,0.24688789244661408,0.11203895035653136,0.32137849431938403,0.09041433042750713,0.06456760214737374,0.05453020741138705,0.05419511702245834,0.0559874058687443,"ACQ2","ACQ2",1,1.,0.314002,0.649991,0.273067,0.185169,0.636238,0.484662,0.150948,0.130481,0.084456,-0.227002,0.06721,-1.191418,-0.215919,-0.071586,-1.197582,-0.715373
20,"RUSSIAN FEDERATION","SWEDEN",365,380,1987,1.5708,0,1,1,0.1678470599261949,0.026916048824658725,0.2990108842228311,0.10120596550941116,0.02166010322891365,0.078320986093774,0.17662937111881424,0.12840958107540226,"ACQ2","CAP1",0,1.,-1.19239,0.941717,-1.416611,1.065877,0.463204,-0.160045,0.475253,0.363142,0.839197,-1.242851,0.897247,-1.880138,-0.487664,-0.254611,-1.0669,-0.748257
21,"ITALY","SPAIN",325,230,1943,1.5708,0,1,1,0.16252935838305177,0.036019625041060065,0.3307848012310308,0.09710480950980889,0.027327896874477627,0.08389021014798616,0.1541280764293122,0.10821522238327254,"ACQ2","WAR2",0,1.,-0.987927,1.398797,-1.332791,1.211383,0.575702,0.28607,0.215855,0.043423,0.940181,-1.260386,0.849291,-1.942665,-0.56122,-0.208512,-1.33439,-0.99325
22,"UNITED STATES","SWITZERLAND",2,225,1954,1.5708,0,1,1,0.17636459860908832,0.014196760721643916,0.29709920743987245,0.08984652905193946,0.012735332008842797,0.07655286156563361,0.1932646519185196,0.13994005868445997,"ACQ2","NEGO",0,1.,-1.504395,0.393289,-1.575788,1.027922,0.257807,-0.683425,0.856743,0.821046,0.747856,-1.379943,0.972992,-2.05052,-0.678998,-0.406007,-1.124441,-0.789152
23,"RUSSIAN FEDERATION","NORWAY",365,385,1983,1.5708,0,1,1,0.1830987175708532,0.007999921520657267,0.4817024614774123,0.04930276312225593,0.009546189328664117,0.09382094355594309,0.11594896181566955,0.058580041608544534,"ACQ2","CAP1",0,1.,-1.557873,1.505133,-1.975187,1.534613,0.226899,-0.050592,0.047721,-0.160935,1.910158,-1.23338,1.913512,-2.167082,-1.024971,0.811624,-1.95532,-1.488468
24,"FRANCE","GERMANY",220,255,1870,1.5708,0,1,1,0.1629679232714894,0.045750211397315166,0.35493742702898234,0.08220318027493087,0.03148171080486573,0.08627332390095677,0.1399434540523905,0.0964427692690692,"ACQ2","WAR1",0,1.,-0.856805,1.248688,-1.253592,1.098169,0.413256,0.249529,0.064344,-0.134049,1.08085,-0.975131,1.014033,-1.707359,-0.424596,0.066119,-1.223641,-0.857527
25,"ITALY","RUSSIAN FEDERATION",325,365,1937,1.5708,0,1,1,0.140557470032562,0.12139735150282807,0.2074330252063464,0.10261882799494854,0.057196155725382024,0.07481224766263556,0.20792066951361393,0.08806425236168361,"WAR1","CAP2",0,1.,-0.719808,1.067382,-1.447063,1.011515,-0.232361,0.204831,-0.651856,-1.015483,0.862793,-0.866534,0.725454,-1.196033,0.29298,-0.002173,-0.173858,-0.009108
26,"FRANCE","BELGIUM",220,211,1838,1.5708,0,1,1,0.16259738916218303,0.048846100380125955,0.39107667427059106,0.07536873786017143,0.0345334572239096,0.08766214637549204,0.11303959775321784,0.08687589697430903,"ACQ2","SQ",0,1.,-0.618364,1.64651,-1.022597,1.219726,0.730972,0.716361,0.102072,-0.100045,1.042661,-1.116024,0.916384,-1.939748,-0.735499,-0.047122,-1.6855,-1.273638
27,"UNITED STATES","AUSTRIA",2,305,1960,1.5708,0,1,1,0.15711618893849547,0.02179415992107341,0.23342908084484687,0.10253913973077597,0.018551264892705737,0.06892345161119144,0.2347707466506163,0.16287596741029475,"WAR1","ACQ2",0,1.,-1.445045,0.529632,-1.591171,1.015958,0.24108,-0.569553,0.654343,0.58128,0.907458,-1.295677,1.159218,-1.853647,-0.321824,-0.253288,-0.628034,-0.349049
28,"ALBANIA","GERMANY",339,255,1916,1.5708,0,1,1,0.13374918339392855,0.23108249443551532,0.06238780343383942,0.13128558039754093,0.0782451358727817,0.03144317929498374,0.2465675728345458,0.08523905033686457,"WAR1","CAP2",0,1.,-1.058555,1.233445,-2.01919,1.228835,-0.968331,0.117123,-1.453259,-1.933577,1.212479,-1.071989,1.101187,-1.12177,1.098757,0.093808,0.937684,0.962574
29,"BELGIUM","GERMANY",211,255,1921,1.5708,0,1,1,0.13720077055670557,0.07348996457538443,0.31569316760168653,0.08171067877535385,0.0427683186877507,0.0894373706949023,0.17160659377130247,0.08809313533691426,"ACQ2","CAP2",0,1.,-0.775392,1.427028,-1.367437,1.251135,0.123097,0.431156,-0.348818,-0.64484,1.154025,-0.986441,0.989649,-1.605196,-0.170399,0.107277,-0.95353,-0.644153
30,"RUSSIAN FEDERATION","POLAND",365,290,1938,1.5708,0,1,1,0.17767633235829425,0.07993126501975267,0.335019828323526,0.07593822347227479,0.0430083731602164,0.08232512947833223,0.12296667713078382,0.08313417105681985,"ACQ2","ACQ2",1,1.,-0.5933,0.683651,-1.056656,0.657443,0.091968,0.048836,-0.165918,-0.397595,1.205611,-0.129755,1.190381,-0.81788,0.286713,0.59193,-0.416643,-0.07258
31,"GERMANY","DENMARK",255,390,1848,1.5708,0,1,1,0.17255141481594768,0.033022879742616924,0.3612924915609722,0.08278664143827583,0.025667047098621144,0.08555354739469072,0.14107299694259556,0.09805298100627982,"ACQ2","WAR1",0,0.9999999999999999,-0.999538,1.411336,-1.367803,1.228603,0.523494,0.289255,0.156629,-0.027503,1.339608,-1.051793,1.270789,-1.813876,-0.482839,0.199807,-1.313741,-0.9327
32,"FRANCE","GERMANY",220,255,1840,1.5708,0,1,1,0.12231407046191141,0.12171533778084138,0.22629756806876838,0.082348635954667,0.05760447091630245,0.07955763472808375,0.2293228243438276,0.08083945774559798,"WAR1","ACQ2",0,1.,-0.942258,1.555225,-1.776656,1.480502,-0.528669,0.451222,-1.020592,-1.437791,1.475112,-1.011187,1.240386,-1.490985,0.282189,0.336359,-0.432336,-0.192437
33,"FINLAND","GERMANY",375,255,1944,1.5708,0,1,1,0.1300276405634675,0.22856648263699678,0.06424353325289718,0.12035448526840978,0.08202921327694847,0.03130428589219888,0.2509242291433953,0.09255012996568604,"WAR1","WAR2",0,0.9999999999999999,-1.127927,0.973478,-2.073052,0.978838,-1.012612,-0.09768,-1.479814,-1.952377,0.902003,-1.166228,0.995872,-1.205249,0.821299,-0.165769,0.876147,0.895657
34,"SWITZERLAND","GERMANY",225,255,1940,1.5708,0,1,1,0.12417246403344664,0.18555441417843205,0.08305960656622999,0.12096054715746987,0.07547005019016581,0.03848277395152785,0.26755702236447093,0.10474312155825688,"WAR1","WAR1",1,1.,-1.13413,1.114316,-1.989194,1.116209,-0.808249,-0.013065,-1.233887,-1.661419,1.167029,-1.103168,1.178125,-1.25389,0.824859,0.042412,0.685232,0.760593
35,"UNITED STATES","RUSSIAN FEDERATION",2,365,1985,1.5708,0,1,1,0.099440970713248,0.015771377986788324,0.06858142121892943,0.12833378770835163,0.014320637099016027,0.029502384531394192,0.38078849572389845,0.263260925018374,"WAR1","CAP1",0,1.,-1.73929,0.798197,-1.84641,1.443969,0.526382,-0.723246,1.118593,1.065034,1.452,-1.57827,1.944844,-1.896835,0.48666,-0.118561,0.660938,0.820221
36,"BULGARIA","TURKEY",355,640,1944,1.5708,0,1,1,0.12846552485354396,0.12530634474205804,0.19027531021724764,0.11957441238717836,0.05564547474932005,0.07674594508015131,0.22322529484390422,0.08076169312659658,"WAR1","WAR1",1,1.,-0.718892,1.592526,-1.499936,1.45893,-0.212794,0.61015,-0.736911,-1.127434,0.882998,-1.224171,0.447837,-1.510967,0.278671,-0.216454,-0.443286,-0.299888
37,"GERMANY","GREECE",255,350,1896,1.5708,0,1,1,0.2042416025392915,0.01464044492789778,0.40889246065506357,0.0853118936397939,0.014616740326289382,0.07895843335827277,0.1009804116502148,0.09235801290317638,"ACQ2","ACQ2",1,1.,-1.044318,1.267032,-1.19129,1.138888,0.92733,0.150222,0.725701,0.652215,1.19805,-1.088693,1.180753,-1.973551,-0.825392,0.07304,-1.727546,-1.285118
38,"GREECE","RUSSIAN FEDERATION",350,365,1922,1.5708,0,1,1,0.13939966640605356,0.22154771276455246,0.07894354475088529,0.13000134476090883,0.07414689307756869,0.03918175613998326,0.23890243190401958,0.07787665019602823,"WAR1","SQ",0,0.9999999999999999,-0.922784,1.201084,-1.897568,1.196604,-0.869227,0.177657,-1.361099,-1.84849,0.985431,-1.062045,0.813663,-1.09519,0.917567,-0.047773,0.712654,0.729226
39,"UNITED KINGDOM","TURKEY",200,640,1925,1.5708,0,1,1,0.19102289486498814,0.0025266818170971528,0.48895314089400477,0.07694493599006405,0.004194424673243777,0.08062467830405973,0.08721800466176918,0.06851523879477325,"ACQ2","NEGO",0,1.,-1.475661,1.089499,-1.496021,1.369865,1.037273,-0.286193,1.307459,1.297279,1.520903,-1.270122,1.528214,-2.244578,-1.198827,0.206443,-2.165972,-1.678744
40,"NORWAY","RUSSIAN FEDERATION",385,365,1969,1.5708,0,1,1,0.10463937385257238,0.16996376927234239,0.1430471039735324,0.1182287276659992,0.06406245865355033,0.06551160415261485,0.25918945728214293,0.07535750514724551,"WAR1","CAP2",0,1.,-1.140684,1.917053,-2.065828,1.850546,-0.911792,0.888455,-1.440871,-1.903443,1.263073,-1.599304,0.644041,-1.902553,0.39506,-0.287406,-0.527221,-0.375596
41,"DENMARK","UNITED KINGDOM",390,200,1961,1.5708,0,1,1,0.2703833486493876,0.13845037393607437,0.28164123758472814,0.10498596082399514,0.03152823938029804,0.09902519432205856,0.04348744630956229,0.030498198993895866,"ACQ2","CAP2",0,1.,0.857297,0.859362,-0.103911,0.826066,0.857377,0.85833,0.343477,-0.137127,0.640419,0.638302,-0.184517,0.599397,0.640337,0.639361,-0.223505,-0.204052
42,"RUSSIAN FEDERATION","SWEDEN",365,380,1983,1.5708,0,1,1,0.16927352042464425,0.028534312251813743,0.3133683859023112,0.09924713193394061,0.022723300257465495,0.0799985497902193,0.16604096032873664,0.12081383911086896,"ACQ2","CAP1",0,1.,-1.132204,1.054051,-1.385232,1.091842,0.500866,-0.050592,0.412143,0.285628,0.897345,-1.214707,0.914428,-1.877053,-0.501563,-0.201552,-1.146827,-0.815654
43,"GREECE","ITALY",350,325,1916,1.5708,0,1,1,0.13699396084304372,0.24501075815857876,0.048715910895450354,0.12331574021035416,0.08390778356784784,0.024442204578997522,0.24636479252212187,0.09124884922360571,"WAR1","SQ",0,1.,-1.180944,1.115095,-2.145103,1.116674,-1.098651,-0.044057,-1.579152,-2.061231,1.460418,-0.950713,1.501879,-1.009644,1.318328,0.359852,1.300858,1.330324
44,"GERMANY","LITHUANIA",255,368,1939,1.5708,0,1,1,0.2184070035124006,0.03002625015651399,0.40204051242458916,0.08215909933027982,0.024102169622270006,0.07342980885923436,0.0788276614130323,0.09100749468167982,"ACQ2","CAP2",0,1.,-0.646296,0.949255,-0.712952,0.788696,0.842903,0.172026,0.649015,0.615688,0.941307,-0.652467,0.932724,-1.602575,-0.57295,0.163939,-1.531641,-1.056587
45,"GERMANY","UNITED KINGDOM",255,200,1887,1.5708,0,1,1,0.13989596836466103,0.09672584249216326,0.338538417225236,0.06956316221303059,0.04758647755608787,0.09368918391402134,0.1464500990236066,0.06755084921119334,"ACQ2","ACQ2",1,1.,-0.422009,1.45142,-1.139949,1.273331,0.106411,0.631383,-0.430647,-0.789617,1.142673,-0.711078,0.911941,-1.345638,-0.033643,0.258359,-0.898936,-0.581656
46,"GREECE","BULGARIA",350,355,1928,1.5708,0,1,1,0.21149727070698826,0.022411835313396297,0.4009341585378563,0.08671675251505136,0.02183069410497773,0.07542411209976747,0.08793518535183283,0.09324999137012972,"ACQ2","CAP2",0,1.,-0.737769,1.487278,-0.894891,1.063802,1.137675,0.502417,0.635637,0.557076,1.309611,-0.892308,1.26424,-1.802003,-0.693464,0.273429,-1.64853,-1.193682
47,"FRANCE","AUSTRIA",220,305,1937,1.5708,0,1,1,0.1897700115621651,0.031877892118599545,0.39142925338433954,0.077707868310903,0.025046318806540655,0.08289416762151562,0.11002897115827343,0.09124551703766326,"ACQ2","SQ",0,1.,-0.828848,1.264842,-1.117194,1.067689,0.661133,0.277036,0.319806,0.175633,1.334699,-0.771671,1.291814,-1.616872,-0.445607,0.360482,-1.333693,-0.911093
48,"ITALY","NORWAY",325,385,1923,1.5708,0,1,1,0.2115547040186579,0.016938444281970402,0.4235950312526081,0.07691099086972629,0.015808028736883913,0.0786817589263133,0.09042993470615687,0.08608110720768321,"ACQ2","SQ",0,1.,-0.968,1.138493,-1.119919,1.046787,0.818477,0.108133,0.650812,0.574853,1.31076,-0.842059,1.303401,-1.773997,-0.695535,0.303155,-1.634833,-1.168864
49,"FRANCE","TURKEY",220,640,1934,1.5708,0,1,1,0.21520985131476938,0.02641554363125012,0.40748048096549155,0.0797154622253988,0.021735493878994344,0.07572250856012097,0.08380531708846,0.08991534233551478,"ACQ2","CAP1",0,0.9999999999999999,-0.745223,0.997865,-0.855374,0.866704,0.805861,0.147397,0.619624,0.564548,1.110077,-0.657981,1.100853,-1.595401,-0.547335,0.265783,-1.49398,-1.02527
50,"UNITED STATES","SWITZERLAND",2,225,1959,1.5708,0,1,1,0.16723309125706887,0.017589810990848106,0.2635331572889152,0.09758716876780651,0.015586990444402326,0.07261442770687186,0.21477986735224167,0.15107548619184544,"ACQ2","CAP1",0,0.9999999999999999,-1.462409,0.504285,-1.576083,1.032494,0.280724,-0.595953,0.752096,0.69526,0.913077,-1.303964,1.142826,-1.918449,-0.449262,-0.256102,-0.833999,-0.526756
51,"UNITED KINGDOM","ITALY",200,325,1939,1.5708,0,1,1,0.13033291880981102,0.07178802260108258,0.24252968556194793,0.09668781596589605,0.0434248621142838,0.07772170683877551,0.22583001847809342,0.11168496963010968,"ACQ2","WAR1",0,1.,-1.107265,1.339881,-1.693426,1.271809,-0.094543,0.16449,-0.455696,-0.748776,1.25859,-1.158264,1.180693,-1.684696,-0.013719,0.06997,-0.618048,-0.354832
52,"UNITED STATES","GERMANY",2,255,1915,1.5708,0,1,1,0.12476155342951842,0.13275507740006878,0.1985454863325745,0.09268644950115634,0.060464762016116884,0.07366822889411662,0.2337634295952264,0.08335501283122225,"WAR1","CAP1",0,1.0000000000000002,-0.911424,1.470965,-1.750129,1.407747,-0.527157,0.391944,-1.009728,-1.429081,1.31706,-1.030531,1.085631,-1.440068,0.355635,0.195919,-0.28533,-0.080561
53,"GREECE","UNITED KINGDOM",350,200,1863,1.5708,0,1,1,0.13773220282024298,0.22120770494526612,0.07412109502183824,0.1377768117090932,0.0723077431604316,0.03796845272015519,0.24187368409899396,0.07701230552397872,"WAR1","SQ",0,1.,-0.928189,1.378769,-1.896693,1.369142,-0.855528,0.305658,-1.349407,-1.833659,1.19571,-1.057622,0.905121,-1.10692,1.084627,0.091315,0.74474,0.769388
54,"ROMANIA","HUNGARY",360,310,1939,1.5708,0,1,1,0.12687395509811397,0.08467191825704651,0.318608523149531,0.07135379413905983,0.04576869392915337,0.09241560114117944,0.18113467365074795,0.07917284063516793,"ACQ2","NEGO",0,1.,-0.795964,1.511837,-1.494004,1.363007,-0.099101,0.492882,-0.596951,-0.945971,1.348202,-0.937021,1.163146,-1.561565,-0.07902,0.27651,-0.88862,-0.576348
55,"SWITZERLAND","GERMANY",225,255,1939,1.5708,0,1,1,0.13222252155166442,0.2144273983426712,0.06937117806367324,0.125125592847785,0.07827459930829721,0.033649724014786796,0.2541340425555029,0.0927949433156192,"WAR1","ACQ2",0,1.,-1.092432,1.184542,-2.01563,1.179832,-0.917554,0.06132,-1.383862,-1.845461,1.283308,-1.028498,1.228218,-1.130089,1.048449,0.172026,0.891768,0.942563
56,"GERMANY","SWEDEN",255,380,1914,1.5708,0,1,1,0.1940300594649196,0.02044242574264704,0.39024434532165236,0.08940164268111779,0.018664026029781344,0.08020538706221227,0.10919613653495694,0.09781597716271281,"ACQ2","CAP1",0,1.0000000000000002,-0.967157,1.364046,-1.163164,1.146265,0.907114,0.270874,0.59133,0.493326,1.033308,-1.175996,0.99019,-2.016818,-0.824324,-0.092998,-1.708263,-1.287852
57,"SWEDEN","RUSSIAN FEDERATION",380,365,1915,1.5708,0,1,1,0.14513716313672237,0.22670538944197602,0.05755553251458424,0.11248060781706662,0.08347266928412576,0.027561345412152858,0.25049883317277316,0.09658845922059921,"WAR1","ACQ2",0,1.0000000000000002,-1.20364,0.995403,-2.141122,1.003866,-1.066162,-0.135367,-1.52644,-1.995182,1.606219,-0.756074,1.725835,-0.872431,1.33135,0.604571,1.334609,1.392788
58,"NORWAY","UNITED KINGDOM",385,200,1914,1.5708,0,1,1,0.1246628469659908,0.17304832403741036,0.09492105949318888,0.1201757992357802,0.07261543607531147,0.04287512920684756,0.2668740752982649,0.10482732968720578,"WAR1","CAP1",0,0.9999999999999999,-1.103248,1.14991,-1.938044,1.144818,-0.731018,0.030823,-1.153508,-1.570907,1.170893,-1.090562,1.145626,-1.270845,0.76319,0.053216,0.55764,0.647782
59,"GREECE","UNITED KINGDOM",350,200,1854,1.5708,0,1,1,0.16191105062405753,0.2264176329057717,0.06337726771100342,0.12205493949732527,0.0770237902069931,0.03126871978545072,0.23624117943880735,0.08170541983059088,"WAR1","CAP2",0,1.,-1.046462,1.183724,-2.01889,1.181239,-0.984971,0.090134,-1.47367,-1.959884,1.700215,-0.566004,1.616454,-0.636703,1.539994,0.801467,1.385532,1.420882
60,"UNITED KINGDOM","NORWAY",200,385,1940,1.5708,0,1,1,0.19564216934480666,0.019066914369738452,0.38530996818425045,0.08475370901659493,0.016974931698072435,0.08114851229333855,0.11873450628267168,0.09836928881052687,"ACQ2","ACQ2",1,1.,-1.082425,1.09008,-1.271843,1.086078,0.678568,0.004938,0.579857,0.485148,1.168266,-1.034072,1.16741,-1.860864,-0.652608,0.087392,-1.480255,-1.066859
61,"GERMANY","NETHERLANDS",255,210,1939,1.5708,0,1,1,0.20554598616591335,0.01414931288932709,0.4130323171438786,0.086070705054144,0.014302915304717416,0.07814483471947191,0.09680793463011624,0.09194599409243152,"ACQ2","WAR1",0,1.,-1.028498,1.283308,-1.158905,1.133716,0.981833,0.172026,0.767037,0.701833,1.131637,-1.124048,1.113956,-2.021266,-0.892203,0.005015,-1.807101,-1.358493
62,"SWITZERLAND","LIECHTENSTEIN",225,223,1992,1.5708,0,1,1,0.2264040976163196,0.01044574503794621,0.44173676039992127,0.08267859145322173,0.011633222932082497,0.0719433283392296,0.07209262154782405,0.08306563267345514,"ACQ2","ACQ2",1,1.,-0.951381,1.133381,-0.953521,1.018846,1.12892,0.11478,1.013315,1.012245,1.228139,-0.884223,1.22802,-1.883185,-0.882031,0.21915,-1.881112,-1.381631
63,"GERMANY","NETHERLANDS",255,210,1927,1.5708,0,1,1,0.21967893214238635,0.009319061365412119,0.44327869981465085,0.08086513335323559,0.010457753132160706,0.07499371347131924,0.0793426083100346,0.08206409841080063,"ACQ2","SQ",0,1.,-1.060836,1.119792,-1.099271,1.083133,1.03598,0.038124,0.980103,0.960886,1.264567,-0.965138,1.263586,-1.939415,-0.907785,0.197202,-1.883044,-1.395905
64,"TURKEY","UNITED KINGDOM",640,200,1906,1.5708,0,1,1,0.10573442086690535,0.15601787712229262,0.06721866574604152,0.11196827995408759,0.07434272602212708,0.031409553818283864,0.3082083786784439,0.14510009779181812,"WAR1","CAP2",0,1.,-1.349,0.641363,-2.073707,0.76217,-0.801068,-0.438832,-1.042615,-1.404969,1.073004,-1.144875,1.450217,-1.285291,0.761577,-0.046954,0.998373,1.068581
65,"RUSSIAN FEDERATION","LITHUANIA",365,368,1918,1.5708,0,1,1,0.21746760663607323,0.023398120442665028,0.41372113544033334,0.08388248426320923,0.023518513670651567,0.07179428111596027,0.07450377704465774,0.09171408138644972,"ACQ2","WAR1",0,1.,-0.62054,1.548351,-0.743105,1.00618,1.28252,0.617905,0.679066,0.617783,1.228325,-0.907351,1.213243,-1.882944,-0.855225,0.205757,-1.845899,-1.358103
66,"FRANCE","HUNGARY",220,310,1919,1.5708,0,1,1,0.21473767097849114,0.01640142549606557,0.4291762608059483,0.0759550759047005,0.015715176538670755,0.07783593410686115,0.0860585778806903,0.08411987828857244,"ACQ2","WAR1",0,1.0000000000000002,-0.939905,1.186012,-1.087811,1.052147,0.871576,0.157101,0.663758,0.589805,1.385934,-0.783942,1.378096,-1.734049,-0.67568,0.393348,-1.633624,-1.158571
67,"BULGARIA","ROMANIA",355,360,1926,1.5708,0,1,1,0.16570975464622867,0.20485906639273757,0.08811068371000924,0.12342062602018589,0.06952808889991129,0.042736936125120244,0.2321497322148771,0.07348511199092997,"WAR1","NEGO",0,1.,-0.888101,1.382568,-1.85955,1.373089,-0.82327,0.332023,-1.318474,-1.804198,1.703503,-0.541456,1.409772,-0.656785,1.444595,0.816796,1.035534,1.093199
68,"UNITED KINGDOM","RUSSIAN FEDERATION",200,365,1885,1.5708,0,1,1,0.13475699414403824,0.06616003559534249,0.28801453517579023,0.07598648381830544,0.04035190922525969,0.08394069790752992,0.2103871852143346,0.10040215891939935,"ACQ2","NEGO",0,1.,-1.190834,1.229007,-1.809947,1.218864,-0.269146,0.02663,-0.588845,-0.898402,1.544067,-0.968822,1.534225,-1.599256,-0.040142,0.424942,-0.680417,-0.365201
69,"NETHERLANDS","BELGIUM",210,211,1969,1.5708,0,1,1,0.2769850113271964,0.14304716467107445,0.2895985409915447,0.10386378661117951,0.04947525908682307,0.06346097595076867,0.04108607124965566,0.03248319011175766,"ACQ2","SQ",0,1.,0.857277,0.859342,0.348667,0.437578,0.858292,0.85831,0.182222,-0.072083,0.853856,0.851789,0.41805,0.359538,0.852839,0.852823,-0.075218,0.170907
70,"RUSSIAN FEDERATION","TURKEY",365,640,1945,1.5708,0,1,1,0.2201161134968492,0.024910988116413686,0.39794022874710283,0.06506414566383098,0.017916890172873096,0.08162466287410781,0.10625113152646674,0.0861758394023557,"ACQ2","NEGO",0,1.,-1.164469,0.340425,-1.366133,0.709659,0.036943,-0.462504,0.305345,0.204513,1.676217,-0.047705,1.731993,-0.927109,0.160193,1.,-0.663435,-0.223733
71,"ITALY","HUNGARY",325,310,1943,1.5708,0,1,1,0.19267131534786713,0.025127913106170068,0.41072714484453554,0.06867959471835398,0.021037936669701784,0.0857601550662844,0.1125882665380871,0.0834076737090002,"ACQ2","WAR2",0,1.0000000000000002,-0.987927,1.398797,-1.33222,1.211219,0.577064,0.28607,0.21734,0.045193,1.642166,-0.758567,1.605346,-1.629854,-0.449563,0.640998,-1.357671,-0.922027
72,"RUSSIAN FEDERATION","GERMANY",365,255,1824,1.5708,0,1,1,0.1492496821786491,0.04730923265303869,0.3113690191597027,0.08582511734786216,0.03235582432284435,0.08453239373449463,0.1830661968228734,0.10629253378053505,"ACQ2","SQ",0,1.,-1.101138,1.271345,-1.573792,1.209627,0.149982,0.117036,-0.148064,-0.384391,1.295002,-1.085878,1.255054,-1.74455,-0.273217,0.144334,-0.971837,-0.642501
73,"ITALY","BULGARIA",325,355,1943,1.5708,0,1,1,0.225842989484933,0.012029598698717463,0.4345862798708783,0.0779209949722924,0.01383455370070959,0.07503412635094986,0.08046039116030064,0.08029106576121872,"ACQ2","WAR2",0,1.,-0.934517,1.358609,-1.058363,1.107969,1.074614,0.28607,0.76205,0.700126,1.71399,-0.55966,1.703941,-1.52453,-0.479788,0.820779,-1.454708,-0.972272
74,"RUSSIAN FEDERATION","ITALY",365,325,1941,1.5708,0,1,1,0.15807873000608244,0.1052636425603544,0.3139213730276721,0.07271110258609984,0.04936652965990288,0.08729079468237211,0.14388437312814092,0.0694834543493753,"ACQ2","WAR2",0,1.,-0.485504,1.022743,-1.2023,0.937417,-0.058362,0.301285,-0.502086,-0.860484,1.30877,-0.21126,1.185223,-0.801194,0.412052,0.623641,-0.301429,-0.006462
75,"ITALY","SWEDEN",325,380,1942,1.5708,0,1,1,0.19886456545146142,0.019809877822538943,0.39821666641724524,0.09054945549428695,0.018484172296476913,0.07825995954360106,0.09907222205094722,0.09674308092344222,"ACQ2","CAP2",0,1.,-0.906836,1.376774,-1.065395,1.110396,1.014686,0.316573,0.669029,0.589749,0.923769,-1.192713,0.882294,-2.061699,-0.915425,-0.170915,-1.825886,-1.391393
76,"UNITED KINGDOM","SPAIN",200,230,1969,1.5708,0,1,1,0.15527041722848195,0.06362302245839514,0.36764101770449054,0.07908356297341576,0.040393837933228524,0.08882005534067311,0.12188335403891958,0.08328473232239554,"ACQ2","NEGO",0,1.,-0.486481,1.552264,-0.951099,1.184346,0.605026,0.687208,0.004798,-0.227511,0.93591,-1.000593,0.761838,-1.747289,-0.510069,-0.039262,-1.430837,-1.057489
77,"TURKEY","FRANCE",640,220,1938,1.5708,0,1,1,0.21020803933266688,0.1544333127758331,0.2371049071386076,0.08796409517841587,0.05452530192719911,0.07942981985678332,0.11866102070140892,0.05767350308908534,"ACQ2","NEGO",0,1.,-0.186723,0.34953,-1.06302,0.339327,-0.120387,0.08248,-0.568739,-1.006887,0.701465,0.1433,0.631865,-0.012872,0.614295,0.428801,0.388525,0.46661
78,"GREECE","ALBANIA",350,339,1948,1.5708,0,1,1,0.13673921137088058,0.143981263311452,0.13278195490990022,0.106772969538189,0.06640129765033094,0.05382054245368683,0.25514097212945563,0.10436178863610485,"WAR1","WAR1",1,1.,-1.045794,1.077372,-1.8308,1.073052,-0.589327,0.020092,-0.98615,-1.378653,1.462122,-0.755244,1.447892,-1.04702,0.815147,0.471403,0.509141,0.655029
79,"FRANCE","UNITED KINGDOM",220,200,1888,1.5708,0,1,1,0.12296173522683324,0.10976534329755215,0.14634892402875121,0.10719242328127383,0.05824395131793908,0.05637053591006457,0.273101797161506,0.12601528977607993,"WAR1","NEGO",0,1.,-1.207796,1.054703,-1.881315,1.087803,-0.469134,-0.101386,-0.772792,-1.109552,1.313387,-1.054651,1.378171,-1.415677,0.458464,0.178014,0.162221,0.342734
80,"UNITED STATES","NORWAY",2,385,1972,1.5708,0,1,1,0.2326400899836796,0.17090408364531703,0.21358857988037247,0.06932017026571795,0.06296748614599801,0.06666138788845502,0.11610882444245384,0.06780937774800602,"SQ","SQ",1,1.,-0.565962,-0.463026,-1.446027,-0.401289,-0.553617,-0.514754,-0.931912,-1.371945,0.881917,0.754866,1.326971,0.619461,0.864713,0.819129,1.174363,1.242065
81,"GERMANY","ROMANIA",255,360,1940,1.5708,0,1,1,0.1811526071213875,0.0931263399553708,0.32332468627595506,0.07607805580289603,0.046441010524836526,0.08127929327889134,0.12063317011597124,0.07796483692469154,"ACQ2","CAP2",0,1.,-0.516435,0.596452,-1.032467,0.575926,0.022167,0.042412,-0.256376,-0.514392,1.176781,0.012772,1.16185,-0.635173,0.422567,0.639743,-0.24031,0.083663
82,"RUSSIAN FEDERATION","FINLAND",365,375,1941,1.5708,0,1,1,0.21102786115149194,0.05938366627965162,0.37255253988512266,0.08502521679350791,0.039985013495498226,0.07083197774324125,0.07585658831190895,0.08533713633957743,"ACQ2","WAR2",0,1.,-0.289769,0.855077,-0.391073,0.584314,0.7391,0.301285,0.417684,0.367032,0.521346,-0.566437,0.495093,-1.4793,-0.471651,-0.023832,-1.410766,-0.954335
83,"GERMANY","BULGARIA",255,355,1940,1.5708,0,1,1,0.18255594954183843,0.029437992552407893,0.38217882537791387,0.07350548766045073,0.022764524506982815,0.08565742001319224,0.13167487983908302,0.0922249205081311,"ACQ2","NEGO",0,1.,-1.066613,1.13186,-1.417731,1.104339,0.359935,0.042412,0.156856,-0.018704,1.500934,-0.785091,1.492805,-1.593445,-0.346983,0.489018,-1.163465,-0.759288
84,"GERMANY","UNITED KINGDOM",255,200,1846,1.5708,0,1,1,0.13780690616026905,0.0613059186341671,0.39039819373762535,0.04886941358670718,0.03500165001495992,0.09647589937362205,0.15942924674444953,0.07071277174820001,"ACQ2","SQ",0,1.0000000000000002,-1.123439,1.18508,-1.813247,1.172228,-0.407356,0.041433,-0.765112,-1.110016,1.785221,-0.538587,1.776102,-1.318506,-0.027161,0.923517,-0.816199,-0.426239
85,"ITALY","ROMANIA",325,360,1943,1.5708,0,1,1,0.21878661430490665,0.014787024671743079,0.4311725668370217,0.07521654316835857,0.015454635573996317,0.07756190570462741,0.08558417553282198,0.08143653420652433,"ACQ2","WAR2",0,1.,-0.934517,1.358609,-1.10648,1.121734,0.964275,0.28607,0.641417,0.555435,1.633602,-0.669231,1.619641,-1.620428,-0.556846,0.677479,-1.522004,-1.046406
86,"ALBANIA","UNITED KINGDOM",339,200,1946,1.5708,0,1,1,0.14720040978273516,0.20281100941268002,0.0931964440878596,0.13802403556218934,0.06584511990358731,0.047415133539004777,0.23535086676549627,0.07015698094644751,"WAR1","CAP2",0,1.,-0.773077,1.539757,-1.737482,1.520862,-0.690752,0.530833,-1.191849,-1.674052,1.396207,-0.9036,0.915438,-0.997913,1.179305,0.333965,0.604223,0.65138
87,"GERMANY","TURKEY",255,640,1940,1.5708,0,1,1,0.17755467970425953,0.017380809201667378,0.3548461329999539,0.08111117372767405,0.016399964593921446,0.08434701685890214,0.16864930527030295,0.09971091764331863,"ACQ2","CAP1",0,1.,-1.42467,1.361515,-1.788568,1.394212,0.347629,-0.051402,0.198377,0.016428,1.641616,-1.261322,1.653672,-2.026792,-0.580495,0.337433,-1.33391,-0.951175
88,"GREECE","BULGARIA",350,355,1914,1.5708,0,1,1,0.12327160368394971,0.20030881203195477,0.07032401084173312,0.12094011306810543,0.07893425982752705,0.033432039080432845,0.2676030415170703,0.10518611994922666,"WAR1","ACQ2",0,1.,-1.175897,1.05444,-2.051603,1.06434,-0.89868,-0.079647,-1.326634,-1.764487,1.157149,-1.118016,1.227501,-1.234723,0.891622,0.026024,0.845267,0.90362
89,"GERMANY","NORWAY",255,385,1914,1.5708,0,1,1,0.20238847434392793,0.017419763888691344,0.4039087787297029,0.08672328680189235,0.016882776214597793,0.07877342650722875,0.10005967048938602,0.09384382302457271,"ACQ2","NEGO",0,0.9999999999999998,-0.967157,1.364046,-1.134602,1.138529,0.973698,0.270874,0.664459,0.580736,1.154297,-1.107762,1.121758,-1.987637,-0.836032,0.030823,-1.748446,-1.308508
90,"GERMANY","FRANCE",255,220,1920,1.5708,0,1,1,0.1401988138115741,0.06682377494670597,0.3149771154987079,0.07798760564228364,0.04003214248432284,0.0872071038020148,0.17853627345649417,0.09423717035789667,"ACQ2","CAP1",0,1.,-0.948543,1.20956,-1.51831,1.137205,-0.020056,0.168176,-0.377294,-0.662178,1.274523,-0.901362,1.214505,-1.544484,-0.124837,0.242302,-0.827978,-0.506417
91,"SWITZERLAND","GERMANY",225,255,1914,1.5708,0,1,1,0.1324086469039237,0.19845787726548783,0.07813196160499761,0.11921143558460745,0.07722229796545864,0.036487369782097226,0.25945990119635876,0.09862050969706879,"WAR1","ACQ2",0,1.,-1.115261,1.141654,-2.006042,1.139748,-0.868764,0.017452,-1.31606,-1.761451,1.364046,-0.967157,1.34925,-1.119341,1.009275,0.270874,0.842295,0.918387
92,"RUSSIAN FEDERATION","TURKEY",365,640,1821,1.5708,0,1,1,0.11121866244604547,0.08562593240267904,0.25572395896499256,0.11329662549813872,0.04532892041911926,0.09178219633679888,0.21070379649449722,0.08631990743772897,"ACQ2","CAP1",0,1.,-1.032357,1.923335,-1.708368,1.609837,-0.074744,0.96762,-0.726248,-1.064253,0.783882,-1.679992,0.246456,-2.124583,-0.311532,-0.660493,-1.293548,-1.071253
93,"GREECE","ALBANIA",350,339,1946,1.5708,0,1,1,0.1407086596450899,0.13922218221344274,0.15368000313648036,0.10522768643831164,0.06350431802164115,0.06075480925543449,0.2423650943902192,0.09453724689938064,"WAR1","WAR1",1,1.,-0.943582,1.232216,-1.743516,1.194798,-0.508279,0.187023,-0.945663,-1.34563,1.504821,-0.713225,1.377415,-1.031993,0.79778,0.530833,0.351606,0.51099
94,"RUSSIAN FEDERATION","SPAIN",365,230,1941,1.5708,0,1,1,0.1965287017512911,0.01581051793844637,0.3998115432578461,0.08663646881461921,0.01577910728499733,0.08088009034882468,0.11048267173512996,0.0940708988688451,"ACQ2","WAR2",0,0.9999999999999998,-1.0879,1.489457,-1.303494,1.253128,0.933793,0.301285,0.589666,0.481868,1.251036,-1.24031,1.208129,-2.097898,-0.885512,0.007678,-1.786007,-1.357213
95,"ROMANIA","RUSSIAN FEDERATION",360,365,1892,1.5708,0,1,1,0.10822972441756333,0.08598334037648722,0.3691078269152545,0.05424478407221403,0.044276627847718235,0.10168039215485955,0.1704814483767018,0.06599585583920128,"ACQ2","SQ",0,1.,-0.750813,1.730098,-1.52045,1.557722,-0.179303,0.748275,-0.736496,-1.121315,1.353772,-1.105407,1.12775,-1.803349,-0.362593,0.176495,-1.286557,-0.937586
96,"POLAND","LITHUANIA",290,368,1920,1.5708,0,1,1,0.21997470735821,0.014479314536169416,0.43298050533721805,0.07782056610348675,0.014714553593619529,0.07574510009885682,0.08076241990378291,0.08352283306865652,"ACQ2","WAR1",0,1.,-0.922739,1.207027,-1.031408,1.044985,0.975587,0.181798,0.75921,0.704875,1.403176,-0.766056,1.397309,-1.733784,-0.696051,0.416881,-1.669646,-1.185782
97,"ICELAND","UNITED KINGDOM",395,200,1972,1.5708,0,1,1,0.26968992569476186,0.1370156739859845,0.28092970054347494,0.10627938583773713,0.02971246609682074,0.103959006522086,0.042708743000263893,0.02970509831887095,"ACQ2","WAR1",0,1.,0.890921,0.892973,-0.1088,0.892724,0.890921,0.891947,0.390812,-0.109048,0.720834,0.71873,-0.170863,0.71845,0.720834,0.719783,-0.171143,-0.171003
98,"UNITED STATES","UNITED KINGDOM",2,200,1839,1.5708,0,1,1,0.14971028103768924,0.2182632977872501,0.07035723420806012,0.11091521439639143,0.0797865677494832,0.03310884993648724,0.24790673734108784,0.08995181754355094,"WAR1","CAP1",0,1.,-1.184572,1.26378,-2.134448,1.260981,-1.061852,0.055852,-1.53959,-2.014529,1.688768,-0.83586,1.643222,-1.020374,1.222938,0.653095,0.992878,1.085135
99,"TURKEY","GREECE",640,350,1976,1.5708,0,1,1,0.2713293319179933,0.12338990904645548,0.30859862601867943,0.08235544512837717,0.057159509938743476,0.0548937837519968,0.05447501267703591,0.04779838152071858,"ACQ2","NEGO",0,1.,0.19046,0.192531,0.134656,0.011722,0.192416,0.191496,-0.016296,-0.044198,0.73637,0.734269,0.728626,-0.225293,0.734354,0.735319,-0.232951,0.246829
100,"RUSSIAN FEDERATION","ARMENIA",365,371,1992,1.5708,0,1,1,0.2223569916597359,0.011252071741905005,0.4365482992230651,0.08184805737348716,0.012027496586359744,0.07399761922925106,0.07771248449740512,0.08425697968879105,"ACQ2","SQ",0,1.0000000000000002,-0.982293,1.1114,-1.014823,1.032488,1.043293,0.081564,0.948118,0.931853,1.213743,-0.911918,1.211788,-1.887955,-0.860981,0.192861,-1.838972,-1.350954
101,"ITALY","AUSTRIA",325,305,1922,1.5708,0,1,1,0.17368657050740594,0.036989069406117,0.3714919312699288,0.07480094106105686,0.026681320784715273,0.08617761190294787,0.1362979667639713,0.09387458830385693,"ACQ2","ACQ2",1,1.,-0.993044,1.13828,-1.37596,1.08107,0.322162,0.09271,0.073494,-0.117964,1.394216,-0.800273,1.373994,-1.582157,-0.321619,0.390914,-1.123724,-0.732782
102,"FRANCE","RUSSIAN FEDERATION",220,365,1941,1.5708,0,1,1,0.13005594839834395,0.20748228040688704,0.06615432504449377,0.11882045983347417,0.08004384299099739,0.0315007746297125,0.26340641324631436,0.10253595544977684,"WAR1","WAR2",0,1.,-1.195707,1.123904,-2.09113,1.128965,-0.95313,-0.048403,-1.395779,-1.843491,1.427093,-1.001219,1.468597,-1.143758,1.080964,0.301285,0.979928,1.051198
103,"GREECE","TURKEY",350,640,1925,1.5708,0,1,1,0.2190787710108701,0.007688483329158366,0.4214377277114399,0.06505906757832032,0.0075007274678898905,0.08302622080412611,0.11355501932270952,0.0826539827754859,"ACQ2","NEGO",0,1.,-1.51298,0.201449,-1.550221,0.95053,0.137602,-0.778057,0.868063,0.849442,1.310929,-1.006071,1.389646,-1.9049,-0.771657,0.206443,-1.591769,-1.142355
104,"ITALY","FINLAND",325,375,1943,1.5708,0,1,1,0.19832045100304105,0.0186153599429439,0.39618548753133864,0.09291797823048559,0.01755902158722548,0.07800697116076952,0.10017856028575096,0.09821617025844492,"ACQ2","WAR2",0,1.,-0.934517,1.358609,-1.076742,1.113226,1.032469,0.28607,0.715973,0.644861,0.84306,-1.242575,0.803294,-2.103567,-0.952654,-0.252225,-1.853411,-1.422915
