Agent1,Agent2,wrTu1sq,wrTu1ac1,wrTu1ac2,wrTu1neg,wrTu1cp1,wrTu1cp2,wrTu1wr1,wrTu1wr2,wrTu2sq,wrTu2ac2,wrTu2ac1,wrTu2neg,wrTu2cp2,wrTu2cp1,wrTu2wr2,wrTu2wr1,groundtruth
EST,GBR,0.294146,-1.112666,1.49916,-0.458194,-1.862086,1.425453,-0.906611,-1.281321,0.16449,-1.180503,1.401224,0.293366,-1.609618,1.2333,-0.089115,-0.303673,SQ
FRA,CHL,0.29121,-0.932808,1.363895,1.258553,-0.978674,1.086043,0.957767,0.934834,-0.266488,-1.251184,0.828579,-1.156869,-2.205835,0.815373,-1.647401,-2.124727,SQ
ARG,FRA,-0.269616,-1.231484,0.798387,-1.083964,-2.158809,0.817981,-1.528033,-1.991696,-0.084356,-1.12953,0.99704,0.887538,-1.181022,1.252772,1.117525,1.091779,SQ
SGP,USA,0.005262,-1.103577,1.111636,-0.559527,-1.85798,1.110344,-0.93802,-1.315222,-0.442062,-1.341238,0.624006,0.344677,-1.483373,0.619492,0.269095,0.198028,SQ
MLI,MRT,-0.413568,-0.461125,-0.365659,-0.366977,-0.474926,0.042201,0.033983,0.027082,-0.087882,-0.140975,-0.034699,-0.139362,-1.125794,-0.028421,-0.625493,-1.117903,SQ
URY,RUS,-0.226232,-1.216938,0.857293,-0.57824,-1.909018,0.926954,-0.854618,-1.200658,0.028542,-1.074811,1.118789,0.614269,-1.304808,1.292989,0.67347,0.558471,SQ
xxx,POL,0.639791,-0.087971,1.248564,0.230147,-0.849954,1.096283,-0.303125,-0.684117,0.371671,-0.327111,1.006852,0.391996,-0.788035,0.661956,-0.183362,-0.413824,SQ
CHN,ZAF,0.471432,-0.724756,1.442716,0.51683,-1.151929,1.172668,0.033194,-0.180392,0.047028,-1.004664,1.079331,-0.379765,-1.704808,0.937969,-0.871199,-1.22127,SQ
GBR,EGY,-0.525826,-0.653893,-0.394372,-0.452871,-0.879304,0.012927,-0.158277,-0.270983,-0.133754,-0.283,0.016576,-0.200842,-1.008752,0.160782,-0.419511,-0.782387,SQ
LKA,FRA,0.013537,-1.099253,1.119959,-0.580648,-1.865564,1.116796,-0.966968,-1.350123,-0.430615,-1.335807,0.638327,0.372975,-1.470221,0.626609,0.29405,0.226843,SQ
ESP,FRA,0.789623,0.788579,0.790666,0.789025,0.002292,0.621914,0.227129,-0.166015,0.716361,0.715308,0.717413,0.716962,0.501082,0.096948,-0.010616,-0.117729,SQ
KEN,SDN,-0.107473,-1.109804,0.937469,0.763493,-1.194783,1.035809,0.819344,0.776854,-0.801575,-1.477795,0.085226,-1.031581,-2.192313,0.115907,-1.358159,-1.715418,SQ
PAN,CRI,0.601208,0.600148,0.602268,0.601389,0.185232,0.250511,0.042173,-0.165285,0.654677,0.65362,0.655734,0.654496,0.067913,0.406658,0.112566,-0.180287,SQ
CHL,DEU,-0.772879,-1.620601,0.42347,-0.098775,-1.876093,0.998884,0.348893,0.221147,0.278616,-1.180293,1.530574,0.308731,-1.631013,1.9551,0.507897,0.282537,SQ
HND,FRA,0.013904,-1.155913,1.176447,-1.123439,-2.14199,1.176254,-1.616671,-2.10971,0.048064,-1.137432,1.208076,1.172011,-1.152808,1.194386,1.150632,1.142944,SQ
NZL,GBR,0.231994,-0.69389,1.087756,-0.167128,-1.398229,1.019164,-0.587889,-0.940059,-0.248997,-1.026771,0.589691,0.123689,-1.315056,0.424577,-0.185568,-0.32971,SQ
GMB,JPN,0.81413,-0.597514,1.723098,-0.559427,-1.581102,1.709737,-1.064583,-1.556377,0.250972,-0.981843,1.349893,1.077061,-1.098851,0.631023,0.299687,0.241183,SQ
FRA,CYP,0.824858,-0.63488,1.74545,0.477212,-1.167679,1.360076,-0.174562,-0.440962,-0.224532,-1.275028,0.930894,-0.563874,-1.952644,0.664972,-1.168603,-1.507411,SQ
JPN,FRA,0.000349,-0.884009,0.884604,-0.276015,-1.54024,0.884485,-0.60425,-0.932366,0.397205,-0.598168,1.257907,0.372457,-1.075223,1.257725,0.133747,-0.10478,SQ
ECU,COL,0.098673,-1.074085,1.221335,-0.72884,-1.923679,1.206494,-1.168478,-1.593275,0.007422,-1.125524,1.136732,0.750938,-1.296059,1.054886,0.583824,0.498556,SQ
xxx,DEU,0.479642,-0.749404,1.468104,-0.234373,-1.517147,1.356704,-0.729644,-1.113516,0.172026,-0.952929,1.218852,0.072027,-1.480987,0.992489,-0.418365,-0.682394,SQ
COL,ITA,-0.249158,-1.206412,0.804015,-0.645151,-1.927237,0.873574,-0.936005,-1.296418,0.142979,-0.978935,1.199708,0.635304,-1.237997,1.384318,0.690383,0.560852,SQ
KNA,CHN,-0.116214,-1.316829,1.153217,-0.3769,-1.936298,1.19744,-0.642412,-0.952147,0.116127,-1.205276,1.362323,0.389089,-1.584321,1.434487,0.27173,0.082208,SQ
RUS,MUS,0.159601,-0.968342,1.214375,0.915148,-1.105431,1.076654,0.708882,0.640338,-0.152637,-1.152571,0.908803,-0.870393,-2.015682,0.886956,-1.323796,-1.755352,SQ
IRN,GBR,0.317015,-0.08225,0.698139,0.26272,-0.640202,0.558003,-0.156392,-0.435368,0.720692,0.306771,1.087709,0.583314,-0.339113,0.975449,0.148111,-0.174831,SQ
BGD,IND,0.22361,0.003089,0.440195,0.073827,-0.835079,0.404008,-0.381445,-0.800529,-0.148175,-0.34959,0.055438,-0.01129,-0.514338,-0.131333,-0.280434,-0.362808,SQ
BOL,BRA,-0.127405,-1.120338,0.915481,-0.968198,-2.045606,0.925002,-1.421311,-1.883945,-0.11585,-1.113661,0.927622,0.837431,-1.157844,1.049398,0.937116,0.915024,SQ
RUS,ROU,0.241795,-0.72834,1.131882,-0.056066,-1.366946,1.044499,-0.462752,-0.782055,0.75426,-0.324061,1.542424,0.151113,-1.069479,1.480868,-0.283153,-0.655861,SQ
RUS,IRL,0.758463,-0.614083,1.6828,1.063685,-0.883629,1.128778,0.374889,0.240116,0.058228,-1.075691,1.16416,-0.747957,-1.929371,1.053182,-1.285775,-1.712615,SQ
RUS,TZA,0.13788,-0.937278,1.155338,0.132666,-1.425983,1.084841,-0.182184,-0.426536,-0.762123,-1.444344,0.116495,-0.278403,-1.697348,0.013499,-0.507902,-0.634404,SQ
PAN,GBR,0.26653,-1.645143,1.826696,-1.160737,-2.505619,1.789508,-1.628162,-2.0584,0.698784,-1.530817,1.940955,-0.297571,-2.175596,1.846278,-0.714637,-1.037027,SQ
xxx,DNK,0.553553,-0.854722,1.608098,1.383419,-0.94595,1.105045,0.834752,0.789138,0.267271,-1.030904,1.408042,-0.952585,-1.998792,1.390266,-1.454305,-1.938249,SQ
URY,CHN,-0.362084,-1.430549,0.899666,-0.262466,-1.929272,1.081171,-0.330322,-0.579684,0.280658,-1.127154,1.494698,0.329247,-1.571668,1.695831,0.308122,0.085865,SQ
ESP,MAR,0.809463,-0.650957,1.739509,0.126808,-1.325596,1.476141,-0.473879,-0.811199,-0.581245,-1.447359,0.509614,-0.264753,-1.843055,0.020453,-0.951762,-1.149611,SQ
RUS,xxx,0.099396,-1.19344,1.330309,0.929293,-1.352336,1.246707,0.766243,0.686794,-0.383391,-1.419862,0.846599,-0.7867,-2.140501,0.818832,-1.174786,-1.535105,SQ
TTO,GBR,0.714732,-1.439736,1.925305,-1.117034,-2.343838,1.856763,-1.637627,-2.089677,0.603479,-1.4779,1.900069,-0.652556,-2.233568,1.725438,-1.205022,-1.582856,SQ
BEL,NLD,0.8942,0.893174,0.895225,0.894225,0.405343,0.437244,0.192328,-0.051588,0.922866,0.921847,0.923885,0.922839,0.408766,0.488482,0.230896,-0.025645,SQ
COL,USA,-0.583942,-0.926592,-0.212201,-0.600203,-1.469715,0.054588,-0.604975,-0.876537,-0.507128,-0.864117,-0.123536,-0.286155,-1.0837,0.332182,0.059772,-0.050019,SQ
PRT,RUS,0.224399,-1.009204,1.337109,-0.508618,-1.795854,1.289233,-0.949818,-1.343143,0.241795,-0.998839,1.351397,0.460846,-1.377759,1.212027,0.132016,-0.057443,SQ
BRB,FRA,-0.194134,-1.693148,1.512848,-0.071209,-2.18724,1.611062,-0.220041,-0.467087,0.917241,-1.362236,1.959054,-0.905449,-2.224703,1.985753,-1.309983,-1.741216,SQ
FRA,xxx,0.804553,-1.408981,1.942449,-0.001766,-1.989096,1.604629,-0.629643,-0.919701,-0.562431,-1.771007,1.162733,-0.372595,-2.294342,0.779231,-1.017765,-1.279433,SQ
FRA,USA,0.61245,-0.251581,1.319722,-0.083104,-1.14436,1.254054,-0.595161,-1.04155,-0.583703,-1.155241,0.074913,-0.047937,-1.255107,-0.476374,-0.649158,-0.699091,SQ
xxx,BEL,0.633483,-0.734873,1.623527,0.640237,-1.151804,1.254163,0.062408,-0.146058,-0.050058,-1.157149,1.080988,-0.688254,-1.947647,0.948271,-1.216219,-1.611468,SQ
CHN,ZMB,0.173417,-0.911403,1.185122,0.911084,-1.042114,1.034373,0.694979,0.629624,-0.620513,-1.369962,0.304691,-1.037189,-2.171251,0.270231,-1.472293,-1.872937,SQ
GBR,IND,-0.457116,-1.372278,0.639912,0.292677,-1.544844,1.018146,0.584627,0.498344,-0.208675,-1.248676,0.925797,-0.258831,-1.793464,1.133881,-0.32314,-0.595534,SQ
RUS,THA,0.237234,-1.077041,1.406783,-0.280164,-1.756214,1.330672,-0.695861,-1.035448,0.352016,-1.011423,1.492885,-0.081607,-1.640137,1.404803,-0.484046,-0.798403,SQ
RUS,DNK,0.191766,-0.941794,1.237409,0.951266,-1.073101,1.070823,0.719027,0.653374,0.474056,-0.754752,1.464928,-0.680052,-1.721099,1.458475,-1.169679,-1.652852,SQ
GBR,EGY,0.704059,-1.691083,1.971085,-0.912602,-2.478509,1.821421,-1.45598,-1.849693,-0.510651,-1.869324,1.478416,0.52478,-2.154184,0.974915,-0.12115,-0.26358,SQ
RUS,HND,0.048409,-1.038333,1.113788,0.709993,-1.225959,1.074461,0.576853,0.483039,-0.618358,-1.400509,0.35719,-0.909697,-2.121273,0.343672,-1.283597,-1.643979,SQ
USA,LVA,0.074711,-1.016501,1.13299,0.999098,-1.078791,1.062933,0.897897,0.866751,0.048133,-1.032504,1.107774,-0.926367,-1.982914,1.10407,-1.405277,-1.880482,SQ
GBR,DNK,0.172686,-1.05771,1.30888,1.011696,-1.183285,1.157879,0.797908,0.735121,0.022911,-1.14143,1.175432,-0.910549,-2.041777,1.158224,-1.377931,-1.828105,SQ
TUN,DEU,-0.209463,-1.24657,0.921925,-0.879587,-2.077336,0.957374,-1.259521,-1.674904,-0.316651,-1.301101,0.802995,0.604483,-1.395446,0.992696,0.747011,0.699838,SQ
CUB,CHN,-0.072321,-1.074638,0.958228,-1.053888,-2.064431,0.958967,-1.548047,-2.042943,0.405694,-0.768407,1.390764,1.361018,-0.782183,1.462089,1.425455,1.418566,SQ
USA,TGO,0.341398,-0.845198,1.363313,0.452668,-1.257533,1.162685,0.045873,-0.160294,-0.468734,-1.318605,0.539422,-0.439865,-1.845662,0.37796,-0.864855,-1.128384,SQ
GTM,GBR,-0.00696,-1.076612,1.065729,-0.952852,-2.018843,1.066131,-1.423566,-1.894681,0.23944,-0.927004,1.291212,1.125219,-1.001836,1.297651,1.094242,1.056826,SQ
TUR,JPN,0.251218,-1.427884,1.677518,-0.876725,-2.2504,1.632931,-1.33257,-1.743828,0.389378,-1.375656,1.748968,0.221185,-1.864606,1.620583,-0.151675,-0.39615,SQ
NOR,FRA,0.822399,0.82136,0.823438,0.821458,-0.131855,0.784962,0.306374,-0.170233,0.831791,0.830754,0.832828,0.832731,0.78382,0.049027,0.025463,0.001996,SQ
BRA,URY,-0.067799,-1.087741,0.979562,0.738369,-1.204411,1.039451,0.739922,0.681587,-0.20544,-1.166799,0.833915,-0.768628,-1.967785,0.847408,-1.155627,-1.55612,SQ
CHN,MNG,0.142689,-1.015962,1.231822,0.339404,-1.412983,1.145784,0.054855,-0.143656,0.284834,-0.928857,1.352724,-0.322659,-1.663165,1.314813,-0.727724,-1.094877,SQ
HND,RUS,0.675202,-0.898292,1.733222,-0.546571,-1.764635,1.642977,-1.069988,-1.503159,0.351321,-1.089125,1.544076,-0.186494,-1.746336,1.312625,-0.746551,-1.075156,SQ
xxx,FRA,0.618992,-0.792775,1.638414,-0.081223,-1.500099,1.457249,-0.616049,-0.969711,1,-0.504239,1.825676,-0.245839,-1.393333,1.757026,-0.759036,-1.203583,SQ
RUS,NLD,0.386353,-0.847479,1.421151,0.739649,-1.147881,1.150859,0.319157,0.168956,0.000369,-1.085536,1.086108,-0.676309,-1.897095,1.013303,-1.154894,-1.560673,SQ
CHN,SAU,0.16398,-0.936277,1.192881,0.945978,-1.05224,1.047917,0.743032,0.685051,-0.148695,-1.125446,0.884883,-0.895611,-2.011119,0.866135,-1.357195,-1.800031,SQ
GHA,TGO,-0.55613,-0.578431,-0.533723,-0.543007,-0.786083,-0.093074,-0.206184,-0.31001,0.257847,0.22953,0.286087,0.241464,-0.559471,0.40343,-0.035694,-0.430194,SQ
ISL,FRA,0.887672,0.886645,0.888699,0.886645,-0.113109,0.88848,0.38655,-0.113327,0.800595,0.799553,0.801637,0.801637,0.799306,-0.085815,-0.08594,-0.086063,SQ
PER,COL,-0.056403,-0.05739,-0.055416,-0.056432,-0.571839,-0.02803,-0.28627,-0.543494,0.041663,0.040654,0.042672,0.041692,-0.444888,0.071689,-0.172062,-0.414833,SQ
GBR,IRN,0.729142,0.315212,1.095515,0.600751,-0.318855,0.828698,0.0169,-0.300134,0.32151,-0.078055,0.702646,0.261189,-0.643517,0.385806,-0.338382,-0.621113,SQ
DOM,FRA,0.628572,-1.469529,1.906224,-1.114079,-2.364234,1.840038,-1.627617,-2.07497,0.917241,-1.362236,1.959054,-0.877425,-2.216265,1.867301,-1.396192,-1.823207,SQ
KHM,LAO,0.096339,-0.96753,1.120223,0.124931,-1.444259,1.069812,-0.163844,-0.402208,0.10174,-0.964142,1.125306,-0.189334,-1.593323,1.089582,-0.539648,-0.854238,SQ
PAK,IRN,-0.003435,-0.033945,0.027077,-0.017121,-0.758243,0.028024,-0.378323,-0.740472,-0.036083,-0.066361,-0.005794,-0.022334,-0.339439,-0.003298,-0.156376,-0.292915,SQ
USA,LTU,-0.378303,-1.272807,0.651284,0.325084,-1.442342,0.965452,0.554485,0.469718,0.122301,-0.987503,1.1772,-0.476803,-1.751582,1.26645,-0.769592,-1.151631,SQ
ROU,xxx,0.721356,-0.212046,1.441177,1.149409,-0.38853,0.847129,0.467119,0.378877,0.420376,-0.468752,1.195167,-0.341119,-1.392046,1.139834,-0.858098,-1.319745,SQ
COL,USA,-0.17384,-1.145155,0.863914,-1.142184,-2.143677,0.864171,-1.641187,-2.140448,-0.342633,-1.239269,0.674294,0.673446,-1.239712,0.848056,0.846987,0.846766,SQ
ITA,ESP,0.670288,-0.532483,1.557966,0.110618,-1.224846,1.351761,-0.441769,-0.78795,0.337918,-0.778187,1.309371,-0.229342,-1.515275,1.133144,-0.774113,-1.142657,SQ
ECU,BRA,0.172289,-1.083433,1.329981,-0.859667,-1.990715,1.314007,-1.329283,-1.782924,-0.049246,-1.202907,1.13017,0.857833,-1.319635,0.977992,0.647291,0.588927,SQ
CHN,BGR,-0.128499,-1.167184,0.965779,-0.056624,-1.646518,1.032684,-0.229387,-0.469054,0.236262,-0.954359,1.308849,0.042356,-1.51396,1.36544,-0.180854,-0.460654,SQ
PAK,GBR,-0.01113,-0.534186,0.513038,-0.09192,-1.111864,0.517739,-0.376059,-0.664898,-0.470525,-0.90501,0.000659,-0.27727,-1.211887,0.008373,-0.422994,-0.576433,SQ
BHR,SAU,-0.234797,-0.235736,-0.233859,-0.23557,-1.147607,-0.213166,-0.670814,-1.12675,-0.518034,-0.518875,-0.517194,-0.517342,-0.606866,-0.303056,-0.3472,-0.391195,SQ
URY,FRA,-0.745338,-1.895416,1.234274,0.318643,-2.187979,1.761554,0.699641,0.55336,0.725684,-1.690556,1.973695,-0.285255,-2.307039,2.259545,-0.307647,-0.615889,SQ
ESP,GBR,0.033176,-1.164326,1.212589,-1.013179,-2.100737,1.210479,-1.483494,-1.9517,0.076258,-1.141273,1.251522,1.063776,-1.219736,1.220949,0.993972,0.95474,SQ
RUS,xxx,0.460149,-0.947709,1.567627,0.076438,-1.540548,1.380272,-0.407337,-0.703756,0.503591,-0.920857,1.595523,-0.424117,-1.723454,1.504688,-0.916251,-1.317549,SQ
PER,GBR,-0.147283,-1.156767,0.922634,-0.913727,-2.039887,0.939849,-1.338073,-1.779633,-0.036449,-1.093738,1.036546,0.835332,-1.188192,1.169918,0.921477,0.87425,SQ
TUR,GRC,0.223105,0.222065,0.224145,0.224144,0.22175,0.00111,0.000952,0.000795,0.877233,0.876204,0.878262,0.876205,-0.123525,0.878201,0.37628,-0.123585,SQ
RUS,GRC,0.665081,-0.800667,1.68315,1.374026,-0.925122,1.100841,0.72949,0.667262,-0.044057,-1.216331,1.152014,-1.104911,-2.169286,1.120725,-1.612678,-2.089155,SQ
FRA,PRT,0.975513,-0.367245,1.76904,-0.199979,-1.288947,1.69266,-0.737211,-1.198062,0.084083,-1.012623,1.143463,0.366893,-1.372799,0.519306,-0.437352,-0.61744,SQ
ARG,DEU,0.054135,-1.037326,1.12154,-1.017926,-2.02834,1.121053,-1.513919,-2.009426,-0.133767,-1.146208,0.933548,0.916644,-1.154336,0.879853,0.858885,0.85482,SQ
BOL,CHN,0.58327,-0.94753,1.68174,-0.57241,-1.804859,1.598524,-1.08429,-1.512954,0.114582,-1.206049,1.361047,0.289917,-1.623302,1.021148,-0.258608,-0.467234,SQ
RUS,LUX,-0.466055,-1.681589,1.131385,0.474264,-1.915192,1.488568,0.714645,0.597843,0.912662,-1.199216,1.934546,-0.923773,-2.11132,1.97551,-1.338861,-1.794914,SQ
TZA,MWI,-0.753644,-1.44007,0.128236,0.037052,-1.498211,0.838062,0.717808,0.688737,-0.65083,-1.387602,0.26764,-0.31066,-1.736977,0.75798,0.004993,-0.169695,SQ
CHN,LSO,0.073854,-0.97947,1.09692,0.539576,-1.247889,1.04289,0.351336,0.217127,-0.020508,-1.037464,1.004532,-0.509793,-1.779055,0.985447,-0.899673,-1.270469,SQ
USA,SLB,-0.396803,-1.31074,0.667805,0.227527,-1.533266,0.976309,0.424768,0.313505,0.214963,-0.969371,1.292351,-0.341175,-1.69162,1.402563,-0.592086,-0.95321,SQ
SLV,ITA,0.207788,-0.955738,1.271364,-0.941367,-1.949285,1.270023,-1.439481,-1.936255,0.213173,-0.952388,1.276,1.256209,-0.961269,1.070057,1.045826,1.041386,SQ
TUR,ITA,-0.240068,-1.218382,0.83476,-0.963134,-2.094062,0.864606,-1.371129,-1.808968,0.272212,-0.919776,1.329312,1.043234,-1.046973,1.538844,1.189168,1.12557,SQ
TUR,DEU,-0.509832,-1.410961,0.595199,-1.10665,-2.259273,0.672534,-1.45347,-1.877625,0.576397,-0.81002,1.606683,1.238487,-0.962374,2.03884,1.594466,1.518289,SQ
HUN,JPN,0.379721,-0.834271,1.403883,0.145159,-1.396665,1.237715,-0.302206,-0.583403,-0.315335,-1.247432,0.735597,-0.159984,-1.699055,0.527367,-0.594026,-0.819837,SQ
BRA,RUS,-0.11099,-1.135302,0.959516,-1.112402,-2.12437,0.960729,-1.605723,-2.100257,-0.083956,-1.119939,0.987391,0.970372,-1.128015,1.097485,1.076428,1.072389,SQ
xxx,RUS,0.643456,-0.388359,1.446456,-0.160055,-1.26393,1.366391,-0.677905,-1.115691,0.305258,-0.655831,1.168326,0.528376,-1.006651,0.750607,-0.064752,-0.240162,SQ
CUB,DEU,-0.095638,-1.124608,0.973243,-1.114929,-2.119994,0.973684,-1.612181,-2.109874,0.009177,-1.063949,1.078299,1.069287,-1.068155,1.173534,1.162419,1.160316,SQ
GNQ,GBR,-0.147267,-1.145736,0.9102,-0.437668,-1.801334,0.960919,-0.714748,-1.042547,0.65323,-0.627143,1.588953,0.425595,-1.152101,1.658911,0.233074,-0.029405,SQ
IRQ,TUR,-0.493189,-1.786423,1.30207,0.603378,-2.012647,1.683687,0.871883,0.758771,0.907752,-1.440517,1.966886,-1.118218,-2.345929,2.013535,-1.524274,-1.976981,Cap2
ITA,GRC,0.545125,-0.817548,1.579671,1.094831,-1.019799,1.144798,0.558832,0.457707,0.109999,-1.084926,1.247106,-0.851062,-1.984643,1.192439,-1.355587,-1.805445,Cap2
GTM,DEU,0.047876,-1.068346,1.141744,-0.998192,-2.036603,1.140224,-1.483841,-1.96797,-0.105414,-1.155287,0.99062,0.927574,-1.184667,0.94415,0.866414,0.851724,Cap2
RUS,xxx,-0.444393,-0.510929,-0.377111,-0.45167,-1.068098,-0.180319,-0.533463,-0.812047,0.130765,0.051589,0.209643,0.141609,-0.378858,0.462749,0.179491,-0.035733,Cap2
MMR,THA,0.203613,-0.899122,1.218377,-0.258268,-1.596475,1.156754,-0.668567,-1.017243,-0.058298,-1.062202,0.968307,0.212266,-1.434542,0.840507,-0.101704,-0.287874,Cap2
AFG,PAK,0.237339,-1.038529,1.376889,-0.081345,-1.642248,1.282836,-0.477257,-0.779117,-0.072712,-1.208276,1.100024,0.016474,-1.677691,0.974095,-0.344162,-0.57887,Cap2
DEU,EST,0.172026,-0.466149,0.785198,0.678402,-0.551494,0.627854,0.478385,0.435712,0.294146,-0.363055,0.906526,-0.284533,-1.301206,0.895887,-0.764248,-1.233323,Cap2
VEN,GBR,-0.098901,-1.16353,1.01023,-1.137748,-2.151669,1.011403,-1.630644,-2.124714,-0.009409,-1.113778,1.099357,1.076098,-1.124287,1.197219,1.168705,1.163451,Cap2
RUS,GBR,0.244824,-1.084012,1.421333,-0.049527,-1.671101,1.320243,-0.444163,-0.737707,-0.063145,-1.245504,1.154308,-0.051699,-1.748046,1.032518,-0.424759,-0.67603,Cap2
CHN,GBR,0.426021,-0.953106,1.535457,-0.717584,-1.858464,1.495137,-1.210582,-1.663262,0.275553,-1.042138,1.426471,0.716813,-1.329611,1.122919,0.269525,0.125789,Cap2
NIC,CRI,0.675089,0.674033,0.676145,0.675279,0.264255,0.277692,0.071938,-0.132951,0.810763,0.809722,0.811803,0.810574,0.218772,0.535659,0.238954,-0.056522,Cap2
URY,JPN,-0.828427,-1.694881,0.46773,0.326525,-1.760175,1.242066,1.068215,1.035568,0.2953,-1.290458,1.622849,-0.61731,-2.059399,1.814265,-0.810364,-1.194834,Cap2
IRQ,TUR,-0.547089,-1.795835,1.244701,0.659305,-1.988366,1.686459,1.004798,0.908533,0.914286,-1.438121,1.967611,-1.124591,-2.346062,2.017976,-1.528196,-1.982167,Cap2
FRA,THA,0.063138,-1.065779,1.162046,0.893391,-1.18637,1.106522,0.777572,0.717277,0.008197,-1.097393,1.109975,-0.85054,-1.985561,1.102915,-1.301685,-1.745769,Cap2
ZAF,BWA,0.2585,-0.871558,1.27299,1.035946,-0.982091,1.043062,0.750752,0.695485,-0.145661,-1.120643,0.884691,-0.912346,-2.016771,0.85784,-1.387261,-1.835325,Cap2
FRA,TUR,0.136543,-1.10921,1.304823,0.645884,-1.382172,1.205551,0.410131,0.27365,-0.293127,-1.329418,0.881799,-0.595897,-1.997691,0.836504,-0.975328,-1.309464,Cap2
DEU,HUN,-0.165769,-0.746209,0.435925,0.387654,-0.787043,0.594925,0.526237,0.50582,0.494676,-0.197324,1.103679,-0.161334,-1.169661,1.108265,-0.642917,-1.129086,Cap2
USA,CUB,-0.153972,-1.130592,0.881623,0.851597,-1.145514,1.033297,0.995811,0.98835,-0.190695,-1.151616,0.842011,-1.087134,-2.119272,0.846991,-1.565982,-2.049809,Cap2
ITA,FRA,0.670288,-0.17893,1.35305,0.326916,-0.848739,1.131727,-0.229311,-0.564216,0.403519,-0.410134,1.12457,0.031665,-1.122262,0.931613,-0.517356,-0.87342,Cap2
EGY,DEU,0.85872,-0.887697,1.846798,-0.862351,-1.878428,1.838838,-1.365676,-1.861041,-0.35104,-1.484148,0.996076,0.943956,-1.505162,0.155401,0.092774,0.082267,Cap2
RUS,TUR,0.237551,-1.014625,1.35838,0.749067,-1.271394,1.181825,0.444127,0.315743,-0.183285,-1.245809,0.965042,-0.722004,-2.008885,0.908761,-1.159823,-1.541361,Cap2
RUS,KOR,0.085905,-1.055095,1.185518,0.051453,-1.561235,1.143093,-0.244042,-0.497112,0.001217,-1.103839,1.105706,-0.075489,-1.638427,1.065725,-0.382764,-0.650058,Cap2
IRQ,KWT,-0.493189,-0.515333,-0.470953,-0.482197,-0.768707,-0.102725,-0.240657,-0.367343,0.050962,0.024573,0.077337,0.038423,-0.712944,0.206791,-0.200882,-0.569641,Cap2
ECU,USA,-0.454242,-0.888046,0.01463,-0.758685,-1.744738,0.079726,-1.121934,-1.55028,-0.50783,-0.929943,-0.047829,-0.091705,-0.979682,0.383819,0.315073,0.290203,Cap2
xxx,xxx,0.078574,-1.510046,1.589599,-0.359175,-2.138754,1.560425,-0.702703,-1.017058,0.790174,-1.232296,1.902424,-0.897266,-2.125419,1.894026,-1.352225,-1.798787,Cap2
GBR,DEU,-0.190466,-1.312167,1.03237,-0.037434,-1.768464,1.135927,-0.162025,-0.390173,0.104141,-1.165599,1.311557,0.110174,-1.650583,1.409649,-0.034225,-0.276717,Cap2
ETH,DEU,-0.253092,-1.340804,0.964947,-1.326594,-2.334641,0.966507,-1.821952,-2.318871,0.82325,-0.724879,1.775827,1.725611,-0.744959,2.023836,1.96358,1.95354,Cap2
SLE,LBR,0.104853,0.103832,0.105874,0.104956,-0.345763,0.048163,-0.177553,-0.40235,0.424067,0.423008,0.425125,0.423959,-0.127671,0.378013,0.101507,-0.173832,Cap2
DEU,VEN,-0.25659,-1.294532,0.900338,0.128045,-1.646394,1.066643,0.11842,-0.057511,-0.497895,-1.409957,0.617111,0.070406,-1.679659,0.804498,0.122942,-0.011909,Cap2
RUS,GRC,0.386353,-0.847479,1.421151,0.875756,-1.087886,1.12768,0.462081,0.341878,0.109999,-1.021085,1.189503,-0.716853,-1.88346,1.136331,-1.201212,-1.6324,Cap2
USA,LBY,0.518689,-1.530523,1.886191,-0.669276,-2.278454,1.755446,-1.173987,-1.547952,0.074225,-1.648898,1.708576,-0.409782,-2.279836,1.517148,-0.91668,-1.232149,Cap2
GBR,RUS,0.810439,-1.248896,1.913074,-0.94981,-2.154307,1.836416,-1.479174,-1.931879,-0.469199,-1.682393,1.127884,0.576765,-1.878502,0.47638,-0.172794,-0.270849,Cap2
PER,USA,-0.481588,-0.88254,-0.048763,-0.500907,-1.424824,0.171668,-0.551619,-0.822761,-0.478343,-0.879953,-0.045009,-0.236321,-1.109083,0.326232,0.020356,-0.09421,Cap2
MMR,THA,0.181454,-0.913448,1.198587,-0.250956,-1.599774,1.141669,-0.651037,-0.994199,-0.069355,-1.068805,0.956972,0.212387,-1.436361,0.842212,-0.08615,-0.269928,Cap2
MEX,DEU,-0.670436,-1.601414,0.60174,0.212207,-1.778221,1.153638,0.675702,0.587299,0.229656,-1.236642,1.520056,-0.125632,-1.83362,1.790257,-0.15392,-0.452409,Cap2
RUS,GRC,0.426334,-0.854519,1.473215,1.114805,-1.008493,1.112526,0.677128,0.600141,0.10479,-1.05306,1.210959,-0.857465,-1.966668,1.174127,-1.351101,-1.807905,Cap2
USA,MEX,-0.035307,-1.097371,1.042111,0.674151,-1.269357,1.071345,0.617392,0.531399,-0.129136,-1.150664,0.946287,-0.659124,-1.916257,0.954563,-1.033644,-1.416441,Cap2
DEU,SWE,0.172026,-1.028498,1.283308,0.960804,-1.168001,1.13528,0.743025,0.673273,0.00222,-1.125603,1.128963,-0.875637,-2.014732,1.10989,-1.339274,-1.783839,Cap2
GBR,COL,0.338058,-1.101237,1.538311,1.300131,-1.191472,1.230758,0.947461,0.902343,-0.247136,-1.384517,1.030781,-1.19041,-2.304151,1.003613,-1.677395,-2.137212,Cap2
RUS,IRN,0.564438,-0.724825,1.548364,1.30397,-0.832337,1.044609,0.74646,0.692704,-0.29979,-1.250958,0.768528,-1.097168,-2.174805,0.725544,-1.602075,-2.063999,Cap2
GBR,NLD,0.053216,-1.090562,1.170893,0.623576,-1.332581,1.130556,0.462229,0.34122,-0.061915,-1.154826,1.05997,-0.613345,-1.910343,1.04696,-1.004114,-1.381872,Cap2
PER,USA,-0.562021,-0.881199,-0.21895,-0.635282,-1.509863,-0.010252,-0.740916,-1.055248,-0.557696,-0.877616,-0.213997,-0.325025,-1.044924,0.253994,0.059312,-0.024342,Cap2
RUS,IRN,-0.027106,-1.116163,1.074343,-0.152528,-1.676249,1.086268,-0.420646,-0.700689,0.391304,-0.862437,1.437327,-0.045089,-1.507032,1.446961,-0.357753,-0.680051,Cap2
RUS,EST,0.358388,-0.298481,0.960861,0.479639,-0.680602,0.739421,0.067138,-0.123923,0.294146,-0.35403,0.898702,-0.052597,-1.113409,0.812467,-0.518522,-0.898211,Cap2
BGR,xxx,0.320402,-0.953999,1.415894,-0.793111,-1.886111,1.394143,-1.280919,-1.746975,0.715296,-0.689965,1.677594,1.144066,-0.915314,1.429395,0.783192,0.670517,Cap2
BGR,xxx,0.026024,-1.118016,1.157149,0.911793,-1.225857,1.133932,0.834655,0.780735,-0.014281,-1.140324,1.118735,-0.899938,-2.033914,1.115966,-1.349502,-1.796297,Cap2
CHN,USA,0.661517,-0.755555,1.659446,-0.41933,-1.616331,1.567348,-0.941817,-1.372205,-0.566009,-1.438957,0.526982,0.246258,-1.581751,-0.040074,-0.392195,-0.463592,Cap2
USA,xxx,-0.50735,-1.373571,0.543257,0.376586,-1.460523,1.006493,0.796345,0.752869,0.094262,-1.052387,1.195173,-0.689023,-1.890717,1.277196,-1.026165,-1.445329,Cap2
RUS,CHN,0.148032,-1.033754,1.254839,0.317988,-1.443111,1.167405,0.025876,-0.178803,-0.006174,-1.12214,1.112739,-0.356415,-1.779515,1.06202,-0.735821,-1.064509,Cap2
CHN,USA,0.068247,-1.111568,1.212547,-0.185276,-1.713011,1.185346,-0.513198,-0.813919,-0.286209,-1.297816,0.852922,0.235479,-1.5849,0.804268,0.043283,-0.100259,Cap2
RUS,FRA,-0.257548,-1.677296,1.417151,0.138116,-2.090628,1.568246,0.082545,-0.124121,0.806368,-1.348337,1.931827,-0.957046,-2.229047,1.96255,-1.366678,-1.807033,Cap2
GBR,PRY,-0.009409,-1.16077,1.146759,1.028272,-1.212118,1.155686,1.011524,0.98585,0.016703,-1.146661,1.171441,-1.029049,-2.095925,1.171919,-1.503204,-1.977836,Cap2
ITA,TUR,-0.440102,-1.354386,0.646668,0.516296,-1.419538,1.058097,0.895149,0.862573,0.278002,-0.962795,1.36978,-0.751085,-1.872033,1.409725,-1.165759,-1.620378,Cap2
PER,CHL,-0.063009,-1.079177,0.978388,-0.283841,-1.692634,1.002743,-0.566214,-0.872943,-0.181574,-1.147923,0.853659,0.324313,-1.412387,0.900005,0.238427,0.106195,Cap2
COD,ZMB,-0.705495,-1.446243,0.244996,-0.952109,-2.15407,0.451123,-1.099896,-1.45381,-0.545811,-1.367264,0.456126,0.376465,-1.410952,1.130799,1.029295,1.007451,Cap2
CHN,IND,0.195743,-0.960771,1.258901,0.353482,-1.368677,1.143002,0.033631,-0.170322,-0.251634,-1.219262,0.815356,-0.33116,-1.782766,0.729915,-0.698354,-0.980106,Cap2
MEX,JPN,-0.670436,-1.601414,0.60174,0.437244,-1.676078,1.222119,1.020292,0.98296,0.582492,-1.05504,1.730797,-0.756549,-1.947894,1.802631,-1.131141,-1.577569,Cap2
GBR,TUR,-0.134718,-1.175209,0.964461,0.352195,-1.461359,1.060629,0.305288,0.162213,-0.293127,-1.2599,0.791999,-0.257459,-1.771357,0.857814,-0.447372,-0.7031,Cap2
ARG,BRA,-0.191671,-0.192622,-0.19072,-0.192253,-0.998201,-0.153455,-0.557777,-0.960566,-0.036675,-0.037667,-0.035684,-0.036069,-0.23201,0.118738,0.021181,-0.07599,Cap2
SYR,TUR,-0.376899,-1.806701,1.493307,0.459009,-2.120124,1.752078,0.561067,0.404356,0.917161,-1.532287,1.977646,-1.226237,-2.445092,2.01051,-1.649775,-2.106177,Cap2
USA,COL,-0.307509,-1.220032,0.714995,0.691559,-1.232143,1.018779,0.989288,0.983233,-0.203873,-1.162217,0.831277,-1.084874,-2.123419,0.843208,-1.553545,-2.034146,Cap2
USA,MEX,0.000274,-1.110957,1.111375,0.690963,-1.300133,1.111153,0.596153,0.501565,-0.130511,-1.183241,0.980422,-0.65795,-1.940462,0.980356,-1.036627,-1.415238,Cap2
RUS,UKR,0.081564,-0.982293,1.1114,0.600045,-1.226529,1.049756,0.416283,0.294165,0.032329,-1.012644,1.06408,-0.581763,-1.805163,1.047157,-0.994945,-1.391205,Cap2
ZAF,SWZ,0.256865,0.044754,0.464781,0.439267,-0.01599,0.223519,0.167633,0.137261,0.062606,-0.14163,0.265901,-0.118872,-1.085786,0.251557,-0.605294,-1.077372,Cap2
GBR,DNK,0.004938,-1.119071,1.126565,0.102752,-1.574983,1.123878,-0.127891,-0.355847,0.09851,-1.065947,1.213686,-0.123676,-1.652604,1.211645,-0.419046,-0.712374,Cap2
ZAF,SWZ,0.237345,0.0259,0.444944,0.420115,-0.033352,0.221662,0.167206,0.13758,0.030562,-0.17212,0.232792,-0.149766,-1.116912,0.219689,-0.635265,-1.10766,Cap2
GBR,MEX,0.024452,-1.068353,1.106236,0.646068,-1.279964,1.086958,0.520985,0.415179,-0.365986,-1.283558,0.688977,-0.666018,-1.970489,0.681322,-1.017138,-1.360603,Cap2
BRA,BOL,-0.138408,-1.124843,0.901805,0.797471,-1.176324,1.033087,0.903013,0.877272,-0.035684,-1.064773,1.007917,-0.909746,-1.989978,1.018269,-1.361996,-1.824598,Cap2
RUS,ROU,0.102794,-1.060431,1.214792,0.028141,-1.581985,1.165611,-0.281817,-0.542594,0.639743,-0.715926,1.620162,-0.168195,-1.481461,1.59606,-0.575064,-0.957831,Cap2
ARG,URY,-0.790944,-0.791669,-0.79022,-0.790394,-0.912032,-0.094476,-0.154832,-0.215013,-0.409358,-0.410239,-0.408477,-0.410026,-1.289576,-0.313039,-0.754257,-1.193926,Cap2
RUS,JPN,0.273912,-0.926556,1.336779,-0.34364,-1.669008,1.266234,-0.785411,-1.156638,-0.140166,-1.170126,0.949673,0.290323,-1.48117,0.76096,-0.053912,-0.209434,Cap2
GBR,BRA,0.602417,-0.73482,1.593067,0.797255,-1.07668,1.196593,0.22985,0.05892,-0.073853,-1.154316,1.040515,-0.823866,-2.003758,0.949816,-1.339286,-1.764007,Cap2
ARG,RUS,-0.792296,-1.601077,0.34004,0.14359,-1.702282,1.052152,0.8051,0.754498,0.1514,-1.192098,1.394928,-0.058585,-1.753945,1.742074,0.007638,-0.273285,Cap2
ZAF,BWA,0.321016,-0.830019,1.325496,1.08252,-0.942742,1.040666,0.741328,0.684966,-0.024595,-1.049234,1.009908,-0.852605,-1.953743,0.979254,-1.335514,-1.787769,Cap2
RWA,BDI,-0.744563,-1.498178,0.249265,-1.154171,-2.301315,0.395842,-1.409161,-1.81073,-0.623511,-1.442469,0.414202,0.310275,-1.498444,1.117088,0.985173,0.957186,Cap2
KOR,RUS,0.050658,-1.061085,1.138973,0.094749,-1.53572,1.112359,-0.169182,-0.4065,0.265816,-0.930699,1.329369,-0.189142,-1.602586,1.312747,-0.541708,-0.877651,Cap2
xxx,USA,0.209897,-1.422686,1.639025,-0.428678,-2.098028,1.57088,-0.834494,-1.172165,-0.723246,-1.712704,0.733639,0.552751,-1.786646,0.539262,0.321403,0.284432,Cap2
IRQ,JPN,0.385583,-1.100648,1.585955,-0.709151,-1.954926,1.529767,-1.192478,-1.619617,0.623767,-0.964786,1.722185,0.447813,-1.439065,1.519475,0.007964,-0.229175,Cap2
GBR,TUR,-0.223766,-1.245291,0.895923,0.795715,-1.292091,1.109217,0.98561,0.96221,0.2873,-0.957088,1.377218,-0.858979,-1.915059,1.386622,-1.32856,-1.807546,Cap2
SYR,USA,-0.538425,-1.82392,1.325521,-0.092382,-2.274128,1.621543,-0.021464,-0.246568,0.538242,-1.620601,1.922248,0.153088,-2.119962,2.191805,0.172964,-0.076716,Cap2
HND,DEU,-0.037985,-1.117553,1.058708,-1.035966,-2.080063,1.060132,-1.515797,-1.997053,-0.105414,-1.155287,0.99062,0.924514,-1.186093,1.027435,0.945925,0.930523,Cap2
GBR,NLD,0.16449,-1.032859,1.276745,0.778269,-1.248687,1.147757,0.541368,0.433454,0.005015,-1.123985,1.131574,-0.72764,-1.948265,1.10267,-1.168684,-1.580824,Cap2
RUS,TUR,0.247533,-0.966725,1.333569,0.994207,-1.114254,1.122554,0.709427,0.635663,-0.445416,-1.34715,0.626007,-0.93412,-2.137826,0.574192,-1.381273,-1.776611,Cap2
DEU,PRT,-0.143793,-1.397418,1.205391,0.642538,-1.613666,1.318089,0.647112,0.538988,0.257975,-1.217769,1.535903,-0.722958,-2.038078,1.561741,-1.107274,-1.517428,Cap2
DEU,IRL,0.042412,-1.103168,1.167029,0.819658,-1.256181,1.131106,0.707229,0.630722,0.098594,-1.07123,1.218621,-0.772798,-1.940902,1.213094,-1.213162,-1.647998,Cap2
SAU,JPN,-0.469995,-1.412012,0.674314,-1.307607,-2.361969,0.697834,-1.759066,-2.234044,0.623767,-0.813445,1.652817,1.511116,-0.870902,2.095808,1.925378,1.89665,Cap2
GBR,BRA,0.653095,-0.83586,1.688768,1.072038,-1.080146,1.195215,0.456342,0.334199,-0.106536,-1.266329,1.111334,-1.03246,-2.167968,1.047095,-1.547518,-1.998338,Cap2
ECU,USA,0.356936,-0.065394,0.756412,0.142834,-0.812016,0.665972,-0.320917,-0.694228,-0.552138,-0.864709,-0.217194,-0.356732,-1.080208,-0.497211,-0.744498,-0.852248,Cap2
PRY,DEU,0.968972,-0.728531,1.863786,-0.367293,-1.589181,1.72876,-0.932644,-1.362969,0.29762,-1.143248,1.524493,-0.338739,-1.841679,1.23228,-0.980166,-1.329381,Cap2
IRN,GBR,-0.083829,-1.151773,1.021819,-0.313212,-1.765978,1.05416,-0.587973,-0.895076,0.682867,-0.665252,1.636818,0.20267,-1.288234,1.668423,-0.077216,-0.388707,Cap2
xxx,TUR,0.377563,-0.983841,1.502738,0.84671,-1.247669,1.224787,0.436846,0.304932,-0.293127,-1.338715,0.893976,-0.80367,-2.099074,0.803496,-1.274329,-1.654508,Cap2
LBY,USA,-0.012732,-1.781376,1.773483,-0.932281,-2.542521,1.776524,-1.309813,-1.690385,0.464779,-1.698491,1.926987,-0.041661,-2.241494,1.932805,-0.307344,-0.578846,Cap2
RUS,JPN,0.265816,-0.931652,1.33011,-0.339495,-1.66984,1.260516,-0.778183,-1.147277,-0.107011,-1.151777,0.984157,0.283426,-1.479845,0.805547,-0.059219,-0.223252,Cap2
IDN,PNG,0.017963,-1.016065,1.044767,0.989848,-1.042714,1.027282,0.959039,0.945714,0.086156,-0.973903,1.110599,-0.929504,-1.952603,1.110216,-1.419237,-1.908587,Cap2
ETH,SDN,-0.689268,-1.414882,0.228399,0.218715,-1.420775,0.913605,0.900975,0.898028,-0.819082,-1.479615,0.048525,-1.360845,-2.401893,0.102096,-1.768412,-2.229551,Cap2
ROU,DEU,0.708003,0.565802,0.844394,0.693081,0.022669,0.52093,0.098052,-0.173515,0.270874,0.131555,0.40827,0.265062,-0.385975,0.06668,-0.335293,-0.594058,Cap2
SEN,GNB,-0.815453,-0.816166,-0.81474,-0.815027,-1.017592,-0.16354,-0.26454,-0.365253,-0.169464,-0.170421,-0.168506,-0.170035,-0.968619,-0.003946,-0.404573,-0.803672,Cap2
ESP,FRA,-0.040412,-1.157705,1.096518,-0.815598,-2.005942,1.102651,-1.233584,-1.657702,0.171738,-1.03825,1.291177,0.862788,-1.222154,1.324157,0.803816,0.711864,Cap2
DEU,PRT,0.042412,-1.204498,1.264215,0.345412,-1.576677,1.237588,0.132695,-0.053394,0.280984,-1.077839,1.459221,-0.45972,-1.834203,1.448888,-0.848235,-1.226417,Cap2
HUN,AUT,0.275269,-0.87945,1.30207,-0.155248,-1.547479,1.210688,-0.580643,-0.914658,0.356743,-0.825517,1.36876,0.233267,-1.342996,1.235937,-0.158295,-0.417035,War1
FRA,MAR,0.197122,-1.117336,1.389493,1.321982,-1.144266,1.19768,1.116704,1.103239,-0.418449,-1.417389,0.77931,-1.32736,-2.376405,0.771232,-1.814947,-2.294455,War1
ISR,LBN,-0.231098,-1.353396,1.017256,0.082801,-1.747572,1.15726,0.025718,-0.171371,0.204353,-1.140544,1.416945,-0.096744,-1.732409,1.511264,-0.298358,-0.594291,War1
TUR,SYR,0.849285,-1.3364,1.94075,0.158158,-1.880346,1.55343,-0.501135,-0.773107,-0.725353,-1.782666,0.906855,-0.305917,-2.233591,0.440534,-0.997701,-1.223164,War1
ITA,CHN,0.63289,-0.785577,1.647706,-0.457677,-1.650821,1.56242,-0.975585,-1.408206,0.434172,-0.915951,1.52105,0.021625,-1.531226,1.277562,-0.529501,-0.837139,War1
POL,DEU,0.608265,-0.366434,1.388099,0.06292,-1.121723,1.23925,-0.463574,-0.841218,0.172026,-0.709998,1.006285,0.113872,-1.229967,0.714299,-0.438099,-0.698083,War1
MRT,MLI,-0.153275,-1.30419,1.081991,-0.781991,-2.085347,1.115534,-1.139027,-1.529605,0.051521,-1.203846,1.276075,0.778371,-1.40454,1.398589,0.800538,0.700191,War1
NIC,CRI,0.706575,0.705522,0.707628,0.706757,0.292123,0.29315,0.08558,-0.121119,0.855726,0.854692,0.856758,0.855545,0.267325,0.565202,0.270305,-0.023378,War1
BOL,PRY,-0.685822,-0.795175,-0.573067,-0.630785,-1.055037,-0.065464,-0.253112,-0.383043,-0.193781,-0.329864,-0.056384,-0.242237,-1.009451,0.163362,-0.362285,-0.702078,War1
DEU,ESP,0.605581,-0.361561,1.381491,0.925097,-0.623397,0.934474,0.347162,0.216244,-0.13896,-0.924927,0.680255,-0.659156,-1.759356,0.579989,-1.176637,-1.593852,War1
PER,ECU,-0.083376,-1.088087,0.954207,0.351068,-1.383411,1.01296,0.262159,0.114497,-0.007423,-1.04293,1.031108,-0.338005,-1.703049,1.059445,-0.639727,-0.969787,War1
UGA,KEN,-0.680165,-1.405781,0.233407,-1.11132,-2.226143,0.35559,-1.399317,-1.809498,-0.103328,-1.089891,0.922755,0.753743,-1.173866,1.545803,1.334803,1.292815,War1
JPN,CHN,0.251262,-1.006512,1.369473,-0.853857,-1.942263,1.353329,-1.337876,-1.805752,0.482255,-0.863069,1.54046,1.020689,-1.079323,1.343534,0.715637,0.60751,War1
PAK,IND,-0.053956,-1.079673,0.993716,-0.736656,-1.914235,1.002643,-1.145011,-1.562292,-0.024249,-1.062122,1.023617,0.711622,-1.211707,1.069502,0.682715,0.607922,War1
KHM,LAO,0.264951,-0.861617,1.273994,0.226431,-1.352139,1.139007,-0.153816,-0.399077,0.080331,-0.980024,1.107392,-0.328223,-1.667771,1.02466,-0.754829,-1.098703,War1
TUR,IRN,-0.25318,-1.238901,0.83683,0.576465,-1.364334,1.058254,0.735172,0.672455,-0.343499,-1.286052,0.73417,-0.508608,-1.901221,0.831602,-0.718761,-1.026345,War1
VEN,GUY,-0.600033,-1.54065,0.63053,0.506395,-1.597824,1.196257,1.043536,1.014949,-0.574067,-1.530601,0.664309,-0.823348,-2.208377,0.857654,-0.96889,-1.307778,War1
FRA,THA,0.163117,-1.057965,1.296294,0.568094,-1.367277,1.183631,0.300775,0.146119,-0.182469,-1.245391,0.965905,-0.542966,-1.927738,0.914091,-0.935955,-1.277128,War1
PER,BRA,-0.21029,-1.165844,0.824242,-0.7631,-1.963469,0.8668,-1.119355,-1.518167,-0.138408,-1.124843,0.901805,0.695173,-1.2268,1.090654,0.833043,0.782064,War1
MNG,JPN,0.072597,-1.100383,1.208323,-0.903768,-2.015221,1.202141,-1.367369,-1.824787,0.442566,-0.87817,1.50662,1.163482,-1.022056,1.444469,1.029387,0.957444,War1
AFG,PAK,0.341073,-1.016457,1.484078,0.130046,-1.557954,1.327695,-0.297085,-0.567834,-0.21387,-1.308892,0.990232,-0.17783,-1.816938,0.82244,-0.599646,-0.853669,War1
CHL,ARG,-0.322658,-0.323569,-0.321747,-0.322953,-0.985467,-0.212656,-0.54481,-0.875759,-0.687583,-0.688354,-0.686812,-0.687333,-1.02593,-0.473076,-0.642384,-0.811172,War1
COL,ECU,-0.061239,-1.094737,0.997664,0.448615,-1.357139,1.042834,0.362584,0.231384,0.047569,-1.030459,1.104949,-0.45644,-1.761649,1.12141,-0.805573,-1.171168,War1
PAK,IND,-0.080104,-1.096287,0.968393,-0.718641,-1.913379,0.983045,-1.112536,-1.521082,-0.060105,-1.084594,0.988843,0.670891,-1.237939,1.056663,0.662038,0.585365,War1
SOM,ETH,-0.77821,-1.459961,0.107032,-0.222467,-1.670236,0.721604,0.286968,0.18183,-0.701679,-1.421715,0.212515,-0.299813,-1.735214,0.746758,0.077681,-0.079068,War1
FRA,MEX,0.732241,-0.867252,1.762698,1.036864,-1.14324,1.232546,0.368719,0.230725,-0.234841,-1.37914,1.043766,-1.079143,-2.255323,0.953102,-1.607898,-2.04599,War1
PRK,KOR,0.47802,-0.764165,1.475463,0.510219,-1.195149,1.203462,0.022725,-0.192767,-0.026489,-1.084012,1.042406,-0.474102,-1.797187,0.905298,-0.967798,-1.324385,War1
TUR,IRN,0.22149,-1.043844,1.361055,0.861679,-1.251494,1.185557,0.582357,0.478533,-0.467447,-1.398959,0.659558,-0.815989,-2.11576,0.596833,-1.237115,-1.595516,War1
DEU,RUS,0.042412,-0.605543,0.683884,0.230679,-0.95702,0.656379,0.027435,-0.148303,0.102794,-0.557031,0.746491,-0.15284,-1.246955,0.73334,-0.510953,-0.855915,War1
RUS,MDA,0.081564,-0.982293,1.1114,1.031739,-1.020341,1.032938,0.934254,0.91523,0.189073,-0.914355,1.210364,-0.855366,-1.886592,1.2081,-1.343749,-1.829868,War1
PER,ECU,-0.780112,-0.88332,-0.673313,-0.734523,-1.174785,-0.120577,-0.327519,-0.473252,-0.790099,-0.892638,-0.683952,-0.806198,-1.478429,-0.360823,-0.775966,-1.068861,War1
ISR,USA,-0.214526,-1.230409,0.893826,-0.545846,-1.908146,0.96296,-0.81558,-1.154448,0.570769,-0.757562,1.57305,0.545848,-1.198305,1.693026,0.445452,0.22508,War1
IRQ,EGY,-0.684618,-0.790128,-0.575954,-0.624618,-1.017347,-0.046894,-0.209167,-0.322777,-0.770042,-0.870204,-0.666561,-0.805174,-1.55087,-0.447939,-0.926885,-1.267218,War1
MMR,THA,0.229167,-0.882468,1.240886,-0.245882,-1.582666,1.172181,-0.664685,-1.014784,-0.043427,-1.053286,0.983453,0.189425,-1.443139,0.843627,-0.145327,-0.340253,War1
ARG,CHL,-0.218088,-1.170243,0.815664,0.26296,-1.448556,0.973055,0.281194,0.142037,-0.259634,-1.193524,0.769418,-0.135288,-1.654417,0.886991,-0.248161,-0.478608,War1
PRY,BOL,-0.193781,-0.329864,-0.056384,-0.242237,-1.009451,0.005706,-0.519941,-0.859734,-0.685822,-0.795175,-0.573067,-0.630785,-1.055037,-0.429643,-0.617291,-0.747221,War1
HND,NIC,0.681259,0.680203,0.682315,0.681301,0.200043,0.328169,0.087075,-0.153005,0.659703,0.658645,0.66076,0.659659,0.138125,0.33411,0.072749,-0.187511,War1
USA,CUB,-0.557696,-0.877616,-0.213997,-0.316621,-1.032259,0.257455,0.077509,0.000188,-0.039277,-0.43549,0.359185,-0.24096,-1.190698,0.495704,-0.482045,-0.859649,War1
FRA,MAR,0.194538,-1.118733,1.387427,1.305349,-1.151483,1.19926,1.100806,1.084431,-0.420998,-1.418515,0.776273,-1.311759,-2.369874,0.76681,-1.796901,-2.272581,War1
PAN,USA,0.814943,0.391832,1.181308,0.540587,-0.419746,1.027755,-0.018755,-0.424544,-0.509165,-0.820708,-0.177491,-0.3171,-1.037756,-0.815552,-1.063685,-1.172209,War1
DEU,NOR,0.172026,-1.028498,1.283308,1.023655,-1.140814,1.130603,0.814793,0.758635,0.102283,-1.069057,1.221897,-0.881912,-1.987368,1.207844,-1.35512,-1.814276,War1
RUS,LVA,-0.155554,-1.127564,0.875472,0.828544,-1.150992,1.027382,0.96874,0.957026,0.613213,-0.624077,1.545198,-0.603927,-1.614788,1.546643,-1.097838,-1.593194,War1
IND,PAK,-0.02558,-1.062852,1.022227,0.587691,-1.271255,1.042476,0.503738,0.399537,-0.207502,-1.16796,0.831657,-0.545681,-1.856761,0.839617,-0.882121,-1.226521,War1
ARG,GBR,-0.677993,-1.790965,1.016762,0.626351,-1.930014,1.60048,1.140545,1.071021,0.775401,-1.414219,1.936286,-0.930898,-2.269966,2.034089,-1.260969,-1.688842,War1
TWN,CHN,0.159806,-0.940045,1.190081,-0.828723,-1.887784,1.181729,-1.310944,-1.784813,0.16398,-0.9374,1.193855,1.02233,-1.01788,1.04691,0.835144,0.794904,War1
THA,KHM,0.438584,-0.893291,1.511699,0.081095,-1.488139,1.334006,-0.394022,-0.691446,0.292276,-0.98391,1.40344,-0.232981,-1.669365,1.265486,-0.713663,-1.056391,War1
HND,GTM,0.266353,-0.872755,1.284719,-0.497985,-1.699047,1.238451,-0.957399,-1.370545,0.042133,-1.014481,1.081174,0.467642,-1.307245,0.892799,0.132886,-0.013496,War1
IRN,USA,0.309636,-0.089132,0.690733,0.255833,-0.646793,0.553769,-0.159962,-0.438792,0.57781,0.166035,0.953464,0.484276,-0.429813,0.828324,0.061212,-0.236712,War1
GBR,TUR,0.957558,-0.713771,1.854426,0.199628,-1.358113,1.513863,-0.463106,-0.785277,-0.258109,-1.391727,1.022268,-0.692227,-2.101958,0.744798,-1.324813,-1.679929,War1
CHN,MMR,0.192715,-0.952422,1.247683,0.877573,-1.120646,1.087388,0.633166,0.549054,0.173932,-0.964113,1.231145,-0.708614,-1.847726,1.208715,-1.17285,-1.614656,War1
IRN,AFG,0.309636,-0.926266,1.382352,0.025046,-1.514196,1.25476,-0.39651,-0.690475,-0.007729,-1.114798,1.10297,-0.046731,-1.633203,0.953851,-0.455052,-0.714255,War1
DEU,xxx,0.042412,-0.966701,1.035457,0.261317,-1.353354,1.009444,0.041977,-0.15135,0.46513,-0.679725,1.405676,-0.221053,-1.459781,1.396348,-0.620409,-1.010437,War1
xxx,OMN,-0.325064,-0.496185,-0.150369,-0.155797,-0.511882,0.169593,0.156316,0.148467,-0.27646,-0.450772,-0.099023,-0.443984,-1.431474,-0.09275,-0.928062,-1.418413,War1
FRA,ESP,0.502527,0.242318,0.750033,0.603033,-0.047216,0.393005,0.101237,-0.04353,0.294039,0.039715,0.541461,0.151733,-0.737028,0.429268,-0.348831,-0.737203,War1
IRQ,IRN,-0.545302,-1.509671,0.68468,0.159144,-1.749166,1.099385,0.454102,0.334354,-0.067769,-1.304925,1.21112,0.009206,-1.782625,1.495932,0.055168,-0.183682,War1
ZAF,BWA,0.255627,-0.873445,1.270527,1.031891,-0.984751,1.043354,0.749064,0.693411,-0.088483,-1.087228,0.944781,-0.881115,-1.985795,0.918852,-1.356328,-1.805611,War1
FRA,TUN,0.819949,-1.216879,1.909456,0.330986,-1.721773,1.503495,-0.327422,-0.57987,-0.498622,-1.677773,1.071273,-0.682215,-2.315626,0.77433,-1.298083,-1.61701,War1
PRK,KOR,0.472082,0.066418,0.849519,0.410008,-0.494826,0.64239,-0.077743,-0.358365,-0.062715,-0.425558,0.303145,-0.075237,-0.944812,0.076194,-0.561815,-0.821442,War1
ROU,xxx,0.587274,-0.745497,1.583424,1.115775,-0.946298,1.114074,0.546026,0.445626,0.094681,-1.059109,1.201939,-0.876305,-1.97826,1.154458,-1.383361,-1.842936,War1
IRN,USA,-0.169717,-1.211295,0.947316,-0.761318,-2.002838,0.982695,-1.121711,-1.517483,0.379007,-0.892136,1.442863,0.816376,-1.160439,1.567044,0.806406,0.672254,War1
SYR,LBN,-0.038482,-1.228272,1.172716,0.665977,-1.439326,1.203076,0.59081,0.485283,0.072677,-1.171221,1.274357,-0.667455,-1.96523,1.282284,-1.056533,-1.453538,War1
TUR,SYR,0.849411,-1.497893,1.964771,-0.162604,-2.112268,1.637218,-0.797346,-1.104534,-0.626002,-1.822834,1.191002,-0.250969,-2.301284,0.747992,-0.933204,-1.172429,War1
COL,ECU,-0.063774,-1.09621,0.995089,0.497833,-1.333983,1.043699,0.427556,0.308669,0.009664,-1.053095,1.068292,-0.49904,-1.791919,1.084948,-0.851796,-1.221208,War1
ZWE,ZMB,0.012149,-1.015293,1.034759,0.055914,-1.492766,1.028411,-0.189171,-0.427908,-0.73289,-1.429245,0.15627,-0.095615,-1.588111,0.146051,-0.185267,-0.2647,War1
COL,VEN,0.287251,0.286203,0.288299,0.287169,-0.253183,0.155987,-0.114836,-0.38453,-0.229884,-0.230824,-0.228944,-0.22981,-0.691461,-0.383877,-0.615062,-0.84538,War1
COL,VEN,-0.223506,-1.173294,0.809685,0.139683,-1.51117,0.957673,0.118734,-0.050204,-0.310052,-1.221431,0.712069,0.014365,-1.582281,0.854923,-0.023206,-0.203631,War1
xxx,ITA,0.422056,-0.987581,1.552648,0.956377,-1.222313,1.229662,0.516025,0.39866,-0.039594,-1.238072,1.181277,-0.864193,-2.083535,1.116054,-1.352148,-1.774879,War1
GBR,ARG,0.882589,-0.563305,1.763813,1.353093,-0.739798,1.036994,0.538028,0.449782,-0.182496,-1.237811,0.95693,-1.116054,-2.182334,0.907967,-1.637279,-2.10954,War1
TUR,GRC,0.157364,0.156334,0.158395,0.15834,0.130096,0.005159,-0.008014,-0.021133,0.876463,0.875433,0.877492,0.875466,-0.108958,0.875036,0.380814,-0.111382,War1
USA,MEX,-0.064305,-1.10007,0.998298,0.769617,-1.20905,1.055595,0.772424,0.717934,-0.195939,-1.174791,0.859931,-0.80099,-1.99108,0.871745,-1.197322,-1.605466,War1
DEU,BRA,-0.01925,-1.108785,1.079063,0.260592,-1.482883,1.091112,0.085592,-0.101458,-0.056536,-1.12983,1.042139,-0.258799,-1.728797,1.049859,-0.550562,-0.850046,War1
BOL,PER,-0.164337,-1.139727,0.874141,-0.353647,-1.749394,0.938287,-0.594335,-0.899168,-0.158253,-1.136245,0.880663,0.40948,-1.369861,1.006608,0.418617,0.301809,War1
JPN,CHN,0.05422,-1.138068,1.217487,0.077392,-1.622071,1.18951,-0.192586,-0.434588,0.414873,-0.928733,1.508046,-0.330049,-1.683047,1.494725,-0.720527,-1.097684,War1
HND,NIC,0.06294,0.011608,0.114211,0.055601,-0.559623,0.087225,-0.257001,-0.542616,-0.07946,-0.12911,-0.029739,-0.072299,-0.557405,-0.065722,-0.322429,-0.536577,War1
HRV,xxx,0.018723,-1.028994,1.058701,-0.714061,-1.878142,1.055877,-1.14146,-1.566034,0.094262,-0.982749,1.131115,0.772206,-1.152537,1.115571,0.671768,0.586874,War1
ISR,JOR,-0.195934,-1.353186,1.073404,0.752405,-1.48547,1.243419,0.856277,0.790135,-0.456163,-1.465479,0.782385,-0.639732,-2.098132,0.854361,-0.884082,-1.200408,War1
ARG,PRY,-0.164325,-1.160908,0.898372,0.556232,-1.327054,1.035395,0.610182,0.52711,0.094556,-1.010258,1.156907,-0.596049,-1.819129,1.188315,-0.969077,-1.373513,War1
TUR,GRC,0.148294,0.147265,0.149323,0.149323,0.147175,0.001042,0.000997,0.000952,0.807456,0.806415,0.808497,0.806415,-0.193518,0.808487,0.306439,-0.193528,War1
CHN,RUS,0.054582,-1.099573,1.181467,-0.222465,-1.715052,1.160479,-0.551193,-0.858932,-0.131242,-1.20125,0.999446,0.242957,-1.545,0.963627,0.035263,-0.136612,War1
TWN,CHN,0.152814,-0.958175,1.195735,-0.054809,-1.538767,1.131644,-0.409196,-0.699493,0.61867,-0.640803,1.560097,0.016961,-1.341941,1.514426,-0.379278,-0.729847,War1
ETH,SOM,-0.758908,-1.465329,0.159593,0.142789,-1.47567,0.910653,0.888679,0.883508,-0.720017,-1.446378,0.213395,-1.262928,-2.33585,0.297275,-1.623784,-2.068521,War1
GRC,TUR,0.084314,-1.033866,1.163527,-0.437016,-1.762249,1.140625,-0.824109,-1.1883,0.223711,-0.949006,1.28762,0.482485,-1.308983,1.233657,0.248534,0.068545,War1
MMR,THA,0.235939,-0.87803,1.246795,-0.251755,-1.583288,1.177254,-0.673925,-1.026554,-0.106883,-1.091064,0.918029,0.2067,-1.445118,0.765626,-0.122731,-0.299758,War1
CHL,BOL,-0.158498,-1.166627,0.914838,0.398462,-1.41471,1.034015,0.393598,0.269556,0.194865,-0.959321,1.256468,-0.429674,-1.720288,1.294354,-0.772271,-1.152755,War1
AFG,PAK,0.320028,-1.028675,1.468719,0.098686,-1.57726,1.324254,-0.320072,-0.594364,-0.208769,-1.306445,0.995638,-0.138543,-1.799121,0.833281,-0.547238,-0.793576,War1
VEN,COL,-0.26603,-0.266958,-0.265101,-0.265919,-0.707438,-0.116252,-0.33731,-0.55755,0.041663,0.040654,0.042672,0.041543,-0.518742,0.159886,-0.120941,-0.400639,War1
CHN,VNM,0.270051,-0.906759,1.316348,0.394007,-1.321647,1.158338,0.028553,-0.178891,0.208083,-0.945986,1.26371,-0.395926,-1.697056,1.196486,-0.838685,-1.21422,War1
BGR,xxx,-0.199197,-0.200146,-0.198248,-0.198499,-0.332401,-0.025396,-0.091774,-0.157902,0.180864,0.17983,0.181898,0.180104,-0.687908,0.208244,-0.22742,-0.661289,War1
GHA,TGO,-0.78512,-1.469945,0.108748,-0.824614,-2.061169,0.429686,-0.799289,-1.094901,-0.656807,-1.406268,0.284604,0.129868,-1.49778,0.997875,0.797383,0.751627,War1
CHL,ARG,-0.739246,-0.739994,-0.738497,-0.739538,-1.435231,-0.513203,-0.861862,-1.20948,-0.804464,-0.805182,-0.803746,-0.804182,-1.109163,-0.289216,-0.441643,-0.593633,War1
PRK,KOR,-0.143284,-1.138236,0.908521,-0.818506,-1.982023,0.930904,-1.218017,-1.639911,0.013758,-1.046735,1.068405,0.774268,-1.185797,1.191763,0.828096,0.758564,War1
VNM,LAO,0.031157,-1.016805,1.066294,0.653061,-1.215179,1.041318,0.528898,0.42971,0.147742,-0.944404,1.176241,-0.641529,-1.801582,1.171791,-1.074567,-1.503156,War1
IRN,TUR,-0.073167,-1.14587,1.032596,-0.45647,-1.829409,1.05575,-0.775084,-1.116854,0.914286,-0.483526,1.760729,0.297229,-1.135636,1.786184,-0.003372,-0.329427,War1
RUS,CHN,0.224038,-0.017702,0.461046,0.298058,-0.358147,0.313281,-0.01993,-0.190153,0.482255,0.232552,0.720756,0.356967,-0.512605,0.663662,-0.072706,-0.445284,War1
PAK,IND,-0.072712,-1.159366,1.047721,0.317316,-1.490303,1.09637,0.200496,0.035028,-0.032555,-1.137263,1.087536,-0.309523,-1.765212,1.114588,-0.596445,-0.91042,War1
SOM,KEN,-0.735815,-1.442075,0.171267,-0.150891,-1.641758,0.760151,0.338151,0.238309,0.08726,-0.987819,1.125213,-0.143729,-1.58835,1.419148,-0.15006,-0.450325,War1
PRK,KOR,0.25165,-0.924507,1.305693,0.430758,-1.31682,1.152768,0.081677,-0.114479,0.007385,-1.072866,1.084366,-0.391807,-1.757157,1.004918,-0.813401,-1.155546,War1
RUS,EST,0.081564,-0.982293,1.1114,1.058887,-1.007375,1.031881,0.966827,0.954287,0.199121,-0.907883,1.219309,-0.868079,-1.889171,1.217783,-1.36025,-1.850893,War1
IND,PAK,0.241386,-0.896279,1.269168,0.826071,-1.1009,1.077175,0.531767,0.429456,-0.07843,-1.092791,0.967425,-0.752816,-1.927772,0.927592,-1.21014,-1.627631,War1
BOL,PRY,-0.125899,-1.117623,0.915023,0.421113,-1.360612,1.01033,0.394925,0.27343,0.04728,-1.014905,1.089566,-0.429762,-1.736858,1.124571,-0.755732,-1.116709,Acq2
AFG,RUS,-0.106426,-1.132717,0.96425,-1.075971,-2.105656,0.96713,-1.559561,-2.04603,-0.295683,-1.237135,0.758401,0.735848,-1.248437,0.863624,0.83542,0.829769,Acq2
GHA,TGO,-0.597771,-1.381777,0.370983,0.214112,-1.471276,0.915254,0.713633,0.668883,0.273081,-0.885162,1.303575,-0.57723,-1.744473,1.387675,-0.922785,-1.35244,Acq2
THA,FRA,-0.032911,-1.13081,1.080336,-0.909597,-2.030765,1.083628,-1.356282,-1.806259,-0.276661,-1.261814,0.823894,0.682727,-1.329497,0.854578,0.679569,0.645727,Acq2
VEN,COL,-0.285812,-0.286735,-0.28489,-0.285744,-0.749536,-0.131352,-0.363606,-0.595007,0.271267,0.270221,0.272313,0.271189,-0.266961,0.404592,0.134878,-0.133713,Acq2
JPN,CHN,0.053665,-1.13837,1.216982,0.16062,-1.586864,1.187385,-0.093224,-0.317471,0.063558,-1.132988,1.225964,-0.230202,-1.750282,1.205426,-0.559386,-0.868033,Acq2
RUS,CHN,0.500617,-0.78854,1.515935,0.226706,-1.347986,1.295386,-0.273566,-0.553289,0.261809,-0.944259,1.334661,-0.423875,-1.715912,1.220347,-0.924016,-1.309843,Acq2
USA,DOM,-0.331904,-1.233412,0.686795,0.684367,-1.234676,1.018279,1.015218,1.014586,-0.070341,-1.085241,0.972738,-1.078591,-2.08201,0.97381,-1.575904,-2.074288,Acq2
COD,COG,-0.773634,-1.521571,0.227135,0.080721,-1.605298,0.935995,0.747717,0.705854,-0.422159,-1.359405,0.688116,-0.851055,-2.111129,0.88019,-1.034843,-1.410705,Acq2
ESP,GBR,0.790304,0.789261,0.791348,0.789785,0.040655,0.59267,0.216804,-0.157498,0.618029,0.61697,0.619089,0.618555,0.365037,0.027888,-0.098612,-0.224579,Acq2
ARG,GBR,-0.639143,-1.756887,0.999663,0.566021,-1.9142,1.53826,1.025961,0.947305,0.531954,-1.438895,1.858363,-0.648913,-2.199307,2.011494,-0.875989,-1.256195,Acq2
CAN,RUS,0.926678,-0.422517,1.74966,-0.144868,-1.294696,1.631211,-0.699406,-1.135496,0.338728,-0.861445,1.371704,-0.122717,-1.530644,1.065159,-0.763863,-1.098462,Acq2
USA,MEX,-0.081632,-1.106551,0.976852,0.844424,-1.170115,1.053295,0.889085,0.857304,-0.083836,-1.107824,0.974589,-0.919331,-2.017308,0.981978,-1.366684,-1.821426,Acq2
RUS,JPN,0.184152,-0.990226,1.26758,-0.104136,-1.59777,1.195308,-0.48018,-0.783952,-0.248626,-1.235236,0.840336,0.100149,-1.591854,0.721856,-0.19664,-0.374949,Acq2
xxx,xxx,0.641801,-0.779445,1.652881,1.171687,-0.977278,1.138049,0.557939,0.459023,0.006298,-1.163302,1.172593,-0.983425,-2.086297,1.123171,-1.494344,-1.955841,Acq2
GBR,JPN,0.372341,-0.981296,1.495268,0.222312,-1.495297,1.31431,-0.215646,-0.472646,-0.219072,-1.299202,0.969722,-0.297027,-1.857506,0.80526,-0.74064,-1.019792,Acq2
DEU,HTI,0.257882,-0.956211,1.338845,0.647327,-1.257519,1.158665,0.316492,0.165839,-0.538089,-1.389929,0.50641,-0.639089,-1.993987,0.404304,-1.043224,-1.345254,Acq2
BRA,RUS,-0.8215,-1.649129,0.377325,0.176732,-1.748117,1.117507,0.86742,0.817926,0.202282,-1.241142,1.493938,-0.107756,-1.826754,1.834358,-0.060142,-0.352948,Acq2
ZAF,ZWE,0.256865,-0.872632,1.271589,0.898705,-1.046534,1.059393,0.599558,0.512608,-0.024419,-1.049128,1.010085,-0.754955,-1.906271,0.97339,-1.220221,-1.648793,Acq2
FRA,CHL,0.327951,-0.869006,1.363454,0.529812,-1.242424,1.157966,0.137614,-0.049095,-0.078057,-1.116746,0.993608,-0.486533,-1.818117,0.895672,-0.935154,-1.285839,Acq2
ITA,FRA,0.703324,-0.148902,1.379421,0.332272,-0.834064,1.157988,-0.231743,-0.574324,0.40619,-0.407909,1.126992,0.043189,-1.114015,0.92029,-0.516567,-0.86962,Acq2
USA,MEX,-0.009313,-1.072133,1.057518,0.77086,-1.206736,1.065578,0.711617,0.644316,-0.112061,-1.131428,0.953483,-0.77455,-1.960256,0.955077,-1.18737,-1.601784,Acq2
EGY,LBY,-0.523666,-0.524505,-0.522828,-0.52323,-0.764148,-0.124655,-0.244878,-0.364699,-0.097977,-0.098954,-0.097001,-0.098485,-0.859051,0.028628,-0.352905,-0.732954,Acq2
GBR,RUS,0.027288,-1.182175,1.221513,0.038788,-1.674221,1.207652,-0.221096,-0.467119,0.274108,-1.047479,1.428726,-0.206055,-1.707675,1.419453,-0.545426,-0.875524,Acq2
ITA,ALB,0.275063,-0.360749,0.871557,0.724468,-0.48011,0.629325,0.422556,0.362875,0.41781,-0.236304,1.00908,-0.129112,-1.150232,0.985405,-0.609751,-1.066715,Acq2
ETH,SDN,-0.758091,-1.470043,0.169593,0.144611,-1.485279,0.916133,0.883534,0.875916,-0.738471,-1.460585,0.196867,-1.160223,-2.279366,0.334247,-1.432232,-1.841623,Acq2
USA,JPN,0.694484,0.220575,1.110321,0.536578,-0.424264,0.863667,-0.032495,-0.354914,0.059335,-0.370439,0.485152,0.056155,-0.871843,0.138885,-0.540814,-0.791516,Acq2
LBR,CIV,0.344714,0.34366,0.345767,0.344105,-0.445193,0.272982,-0.123107,-0.517533,-0.431845,-0.432718,-0.430972,-0.431341,-0.643821,-0.702916,-0.808836,-0.914387,Acq2
TUR,BGR,0.133844,-1.450405,1.591179,-0.211742,-2.043162,1.536671,-0.562627,-0.859006,0.140042,-1.448181,1.595227,-0.242198,-2.05192,1.54219,-0.597105,-0.898975,Acq2
BRA,COL,-0.139364,-1.122168,0.897183,0.641856,-1.248609,1.018926,0.700378,0.637158,-0.094289,-1.095956,0.944489,-0.692203,-1.898081,0.972066,-1.065689,-1.466752,Acq2
CHN,FRA,0.308294,-0.944127,1.393834,-0.567398,-1.782992,1.344157,-1.036508,-1.45594,-0.095624,-1.177414,1.030646,0.519094,-1.409089,0.793776,0.166387,0.050549,Acq2
ITA,TUR,0.698287,-0.871828,1.739841,0.714859,-1.26429,1.315605,0.094392,-0.101839,-0.225218,-1.364245,1.040424,-0.851411,-2.150979,0.891503,-1.393699,-1.787066,Acq2
DNK,DEU,0.013964,-1.117212,1.138339,-0.864927,-2.005361,1.136778,-1.310564,-1.754638,0.270874,-0.967157,1.364046,1.00094,-1.122916,1.352257,0.911271,0.833392,Acq2
GBR,EGY,0.158836,-0.346241,0.649409,0.603533,-0.392317,0.497891,0.428978,0.40594,0.238798,-0.275695,0.730772,-0.243332,-1.24354,0.725665,-0.732362,-1.216284,Acq2
FRA,ITA,0.130942,-0.462709,0.708041,0.444644,-0.687691,0.606558,0.23067,0.118179,0.050953,-0.529386,0.625067,-0.305329,-1.335305,0.599654,-0.733702,-1.136662,Acq2
GBR,CHN,0.120619,-1.1603,1.328524,-0.771561,-2.004106,1.309684,-1.212304,-1.634208,0.385412,-1.014079,1.530958,0.605438,-1.377736,1.454203,0.346854,0.165026,Acq2
KOR,PRK,-0.135447,-0.59028,0.329828,-0.160944,-1.123665,0.39303,-0.364435,-0.631128,0.523543,-0.006254,1.000601,0.462074,-0.541115,1.063603,0.257645,-0.009785,Acq2
BGR,GRC,0.489018,0.410566,0.566315,0.414893,-0.561647,0.552726,-0.084801,-0.570908,0.517181,0.438664,0.594464,0.589611,0.407513,0.120679,0.10025,0.084675,Acq2
DEU,FRA,0.053623,-1.117999,1.19758,-0.177645,-1.7119,1.175804,-0.496372,-0.793323,0.975513,-0.497404,1.808213,-0.068199,-1.311248,1.798231,-0.485104,-0.892026,Acq2
RUS,FIN,-0.10547,-0.681534,0.483693,0.208775,-0.917469,0.564279,0.171394,0.053426,0.083571,-0.528855,0.684677,-0.238333,-1.289453,0.709927,-0.593382,-0.973681,Acq2
xxx,xxx,0.646845,-0.835647,1.683392,0.641263,-1.249349,1.304148,0.055168,-0.151683,0.180864,-1.114904,1.367192,-0.876268,-2.018761,1.305003,-1.390386,-1.842315,Acq2
HND,NIC,0.311095,-0.845107,1.32367,0.031033,-1.441128,1.197994,-0.392653,-0.690663,0.407479,-0.779808,1.400827,-0.264349,-1.543428,1.327291,-0.719695,-1.101505,Acq2
RUS,BGR,0.102794,-1.215863,1.35477,0.516938,-1.541787,1.285479,0.284685,0.121723,0.489018,-1.008706,1.630238,-0.618985,-1.861026,1.615057,-1.060326,-1.486485,Acq2
GBR,GRC,0.012811,-1.136907,1.156068,0.825128,-1.281235,1.145105,0.742001,0.669837,0.07304,-1.103542,1.211905,-0.798357,-1.971738,1.210217,-1.234143,-1.668241,Acq2
FRA,BRA,-0.235018,-1.266723,0.9028,0.775872,-1.325228,1.124068,0.967887,0.938634,-0.253967,-1.276333,0.882019,-0.978619,-2.138397,0.914436,-1.377234,-1.808266,Acq2
xxx,DEU,0.54087,-0.522831,1.399774,-0.402179,-1.460077,1.365832,-0.904744,-1.373367,0.673092,-0.415647,1.497976,0.929268,-0.712836,1.117847,0.400545,0.25195,Acq2
AUT,ITA,-0.253288,-1.295677,0.907458,-0.573392,-1.967833,0.990497,-0.826431,-1.162509,0.809486,-0.65726,1.741856,0.445601,-1.197565,1.858291,0.291883,0.021731,Acq2
DEU,HTI,0.150222,-1.035743,1.259603,0.827855,-1.22384,1.137637,0.61184,0.517791,-0.501657,-1.381872,0.567054,-0.870135,-2.119298,0.52761,-1.278292,-1.647005,Acq2
DEU,TUR,0.140582,-1.075194,1.280648,0.735459,-1.306613,1.172599,0.511701,0.395991,-0.001266,-1.153778,1.151892,-0.729929,-1.969949,1.126049,-1.163858,-1.571943,Acq2
JPN,THA,0.465556,-0.072373,0.955423,0.498099,-0.517329,0.697019,0.017217,-0.205261,-0.196326,-0.650711,0.27338,-0.299292,-1.270425,0.096336,-0.786194,-1.096051,Acq2
FRA,DOM,0.235991,-0.925198,1.28507,0.693613,-1.192793,1.11223,0.386975,0.253177,0.127691,-0.992581,1.189626,-0.585435,-1.806006,1.145595,-1.036178,-1.44289,Acq2
PAK,IND,-0.095677,-1.167282,1.019527,0.308416,-1.492464,1.084092,0.21039,0.047799,0.01372,-1.106554,1.127448,-0.309455,-1.749751,1.161586,-0.596916,-0.918514,Acq2
USA,HTI,-0.172236,-1.14424,0.865644,0.852085,-1.150986,1.036717,1.019786,1.016413,-0.240614,-1.182898,0.790703,-1.148651,-2.165545,0.793692,-1.636985,-2.128309,Acq2
DEU,xxx,0.118051,0.117028,0.119075,0.118944,0.053111,0.008569,-0.02352,-0.055479,0.654977,0.653919,0.656034,0.654054,-0.282259,0.6485,0.178431,-0.289658,Acq2
GBR,VEN,0.087256,-1.024934,1.159611,0.731761,-1.220787,1.089444,0.563669,0.465742,-0.044606,-1.10228,1.032371,-0.70262,-1.915055,1.016035,-1.125344,-1.531732,Acq2
xxx,HUN,0.603341,-0.411277,1.409669,0.766279,-0.764604,1.019505,0.199451,0.022788,0.360087,-0.604887,1.209512,-0.346955,-1.462729,1.123742,-0.861646,-1.290566,Acq2
ITA,DEU,0.275063,-0.155701,0.687569,-0.036146,-1.013926,0.648571,-0.504256,-0.933368,0.673092,0.222324,1.072908,0.872458,-0.013338,0.862666,0.544386,0.426555,Acq2
RUS,IRN,0.557594,-0.729685,1.543768,1.337216,-0.820539,1.036834,0.784855,0.739428,-0.337905,-1.271038,0.724679,-1.1329,-2.201821,0.686084,-1.636887,-2.102278,Acq2
BRA,PER,-0.139364,-1.122168,0.897183,0.672321,-1.233522,1.021028,0.740489,0.684812,-0.057189,-1.074124,0.982626,-0.736815,-1.910123,1.005481,-1.131959,-1.549958,Acq2
CHN,JPN,0.270051,-0.907361,1.316817,0.162765,-1.426228,1.186886,-0.226599,-0.486032,-0.256492,-1.216802,0.803672,-0.166967,-1.697204,0.663354,-0.547486,-0.787687,Acq2
PRY,BRA,0.143259,-0.951845,1.176217,-0.873401,-1.914983,1.170936,-1.360251,-1.84182,-0.06394,-1.078114,0.97574,0.886391,-1.121618,0.838714,0.727612,0.705861,Acq2
GBR,RUS,-0.043673,-1.231887,1.168831,0.024545,-1.70853,1.191687,-0.190919,-0.429241,0.386353,-0.998319,1.521778,-0.235718,-1.695711,1.534994,-0.571198,-0.919894,Acq2
ISR,EGY,-0.242436,-1.349473,0.993696,0.710027,-1.470535,1.206782,0.862583,0.802052,-0.789871,-1.581545,0.30591,-0.609532,-2.066558,0.430761,-0.727187,-0.969694,Acq2
GBR,TUR,-0.070581,-1.195678,1.08984,0.745159,-1.346489,1.149776,0.729691,0.654285,-0.001266,-1.158795,1.156915,-0.760117,-1.986633,1.169067,-1.161884,-1.575803,Acq2
MOZ,MWI,0.321479,-0.847656,1.339278,1.025933,-0.990936,1.063861,0.678875,0.607235,-0.59901,-1.379,0.364067,-1.059595,-2.195756,0.305158,-1.526882,-1.93526,Acq2
USA,JPN,0.644809,-0.655443,1.594809,0.035293,-1.348484,1.396879,-0.509158,-0.855678,0.132507,-0.998113,1.201531,-0.330016,-1.694383,1.005684,-0.873999,-1.222134,Acq2
ITA,GBR,0.763761,-0.131226,1.448723,0.301266,-0.857488,1.239652,-0.270935,-0.634066,0.157922,-0.639364,0.919311,0.026506,-1.212161,0.59303,-0.586173,-0.872572,Acq2
GBR,TUR,-0.05251,-1.21327,1.136127,0.753417,-1.376167,1.180083,0.715924,0.634475,-0.308055,-1.339443,0.868886,-0.715757,-2.057019,0.883716,-1.059714,-1.418502,Acq2
FRA,RUS,0.451222,-0.824384,1.48249,-0.652854,-1.750028,1.448939,-1.149227,-1.612049,0.776106,-0.590735,1.688435,0.573974,-1.079712,1.45785,0.098901,-0.145588,Acq2
GBR,HTI,0.23944,-0.927004,1.291212,0.914008,-1.097052,1.092489,0.630261,0.545237,-0.192544,-1.181926,0.874189,-0.845712,-2.018407,0.835036,-1.303105,-1.721346,Acq2
USA,NIC,-0.172571,-1.188126,0.915653,0.895162,-1.197866,1.086544,1.061183,1.056313,-0.078732,-1.136235,1.013355,-1.099076,-2.118949,1.016338,-1.58745,-2.078807,Acq2
GBR,PRT,0.038837,-0.140103,0.217328,0.121711,-0.407615,0.18888,-0.040493,-0.174249,0.181916,-0.002466,0.364062,0.091438,-0.746268,0.354112,-0.290413,-0.662314,Acq2
GBR,GRC,-0.057406,-1.114129,1.024251,0.871947,-1.185353,1.077568,0.889653,0.854041,0.177657,-0.975065,1.245728,-0.840898,-1.914651,1.249197,-1.307223,-1.777016,Acq2
USA,BRA,-0.307509,-1.220032,0.714995,0.573575,-1.293116,1.000029,0.822068,0.785526,-0.145349,-1.128838,0.894434,-0.75559,-1.94436,0.951163,-1.106623,-1.514384,Acq2
LBY,USA,-0.028726,-1.67286,1.648786,-0.628171,-2.35835,1.657821,-0.961881,-1.304627,0.537033,-1.524998,1.891161,-0.319616,-2.172151,1.901297,-0.633056,-0.956633,Acq2
USA,NIC,-0.493135,-0.841403,-0.120442,-0.302429,-1.093826,0.248215,-0.059983,-0.186194,0.651171,0.178061,1.070471,0.388572,-0.586049,1.186797,0.122843,-0.259211,Acq2
FRA,BRA,0.235991,-0.925198,1.28507,0.446901,-1.304414,1.138571,0.110794,-0.078814,-0.079005,-1.114792,0.989972,-0.437878,-1.793181,0.914075,-0.85297,-1.192165,Acq2
USA,CUB,-0.06176,-1.109973,1.012868,0.979447,-1.125717,1.073656,1.032363,1.024491,-0.07046,-1.114951,1.004053,-1.0717,-2.09454,1.005313,-1.560234,-2.050029,Acq2
ROU,HUN,0.605427,0.532045,0.677511,0.556131,-0.302378,0.577266,0.038674,-0.378537,0.825707,0.75353,0.896006,0.867249,0.551694,0.412777,0.283102,0.182183,Acq2
USA,RUS,-0.602571,-1.709697,0.957037,0.523175,-1.872391,1.461573,0.946364,0.865017,-0.075927,-1.56554,1.485758,0.409291,-1.91833,1.875748,0.622886,0.446491,Acq2
xxx,ROU,0.617031,0.286267,0.922312,0.626905,-0.178177,0.591857,0.064228,-0.167994,0.799042,0.468798,1.094651,0.691626,-0.175162,0.874963,0.149958,-0.172022,Acq2
IND,NPL,-0.201214,-1.151631,0.823539,0.790551,-1.168333,1.021392,0.980054,0.971703,0.125012,-0.956194,1.15308,-0.91396,-1.936171,1.157108,-1.39992,-1.889909,Acq2
xxx,KHM,0.018943,-1.039641,1.069525,-0.410335,-1.741274,1.063874,-0.766803,-1.11762,0.275698,-0.879171,1.30243,0.481084,-1.255658,1.290619,0.281029,0.092785,Acq2
SWE,GBR,-0.135367,-1.210468,1.003114,-1.050263,-2.138094,1.01291,-1.504279,-1.968092,0.308034,-0.959089,1.404492,1.191941,-1.049016,1.527686,1.270171,1.225207,Acq2
GBR,IRN,-0.184463,-0.574141,0.215696,-0.070971,-0.937086,0.333209,-0.134931,-0.316404,0.070391,-0.351667,0.487928,-0.03182,-0.970713,0.5582,-0.271071,-0.580594,Acq2
RUS,NOR,-0.107647,-1.544093,1.424774,0.276827,-1.930755,1.490798,0.149521,-0.04381,0.823533,-1.174536,1.901504,-0.953368,-2.102636,1.909244,-1.409678,-1.873728,Acq2
GBR,ARG,0.602417,-0.73482,1.593067,1.124216,-0.936226,1.111981,0.542427,0.441723,-0.131958,-1.185991,0.981127,-0.974227,-2.088274,0.92226,-1.484235,-1.935377,Acq2
FRA,RUS,0.057221,-1.021197,1.110871,-0.387842,-1.724135,1.093873,-0.756309,-1.107778,0.080293,-1.007203,1.132718,0.364534,-1.36618,1.096038,0.148366,-0.031123,Acq2
SWE,FRA,-0.135367,-1.181267,0.970195,-1.087015,-2.137459,0.976126,-1.55918,-2.037276,0.519283,-0.783462,1.533327,1.371251,-0.853419,1.659224,1.46217,1.427191,Acq2
HUN,ROU,0.79822,0.500827,1.06729,0.821577,0.067059,0.615312,0.152715,-0.064169,0.639743,0.341346,0.916368,0.497367,-0.387323,0.699787,-0.083549,-0.447884,Acq2
GBR,NLD,0.132776,-1.058732,1.255504,0.766084,-1.270215,1.150808,0.555647,0.449906,-0.071878,-1.172839,1.06342,-0.73084,-1.975188,1.037176,-1.158258,-1.559432,Acq2
IRQ,IRN,-0.345217,-1.162033,0.570176,-0.867448,-1.99197,0.628885,-1.223708,-1.638676,0.038821,-0.92261,0.986934,0.771412,-1.035476,1.293188,1.021232,0.964799,Acq2
ZWE,ZMB,0.048221,-0.9936,1.070558,0.067347,-1.479615,1.045773,-0.200446,-0.443453,-0.728942,-1.427572,0.16223,-0.102215,-1.59391,0.122029,-0.225584,-0.308753,Acq2
IND,CHN,-0.163007,-1.180674,0.923277,-0.221022,-1.724555,0.997627,-0.418612,-0.690552,0.273878,-0.924078,1.334822,0.177335,-1.43649,1.414303,0.000609,-0.255597,Acq2
UGA,RWA,-0.709747,-1.429229,0.207255,-0.071587,-1.59962,0.796067,0.432029,0.346834,-0.440588,-1.290294,0.55493,-0.299957,-1.753592,0.935853,-0.150683,-0.382332,Acq2
RUS,USA,0.363454,-1.343657,1.712477,-0.887476,-2.194389,1.658225,-1.367094,-1.79246,-0.445951,-1.624273,1.060741,0.769398,-1.73278,0.736724,0.391128,0.336874,Acq2
xxx,AUT,0.386628,-0.017975,0.768425,0.350532,-0.549374,0.587251,-0.096342,-0.362042,0.390914,-0.013934,0.772667,0.323667,-0.584744,0.60673,-0.127675,-0.41308,Acq2
BOL,PRY,0.093451,-0.984694,1.131687,0.502286,-1.282089,1.066027,0.287929,0.139232,0.360991,-0.811593,1.364213,-0.516731,-1.676075,1.351549,-0.961636,-1.393876,Acq2
GBR,USA,0.893651,-0.538496,1.76367,0.024352,-1.29401,1.545184,-0.57189,-0.949647,0.124043,-1.059957,1.244417,-0.449312,-1.794963,1.007605,-1.053627,-1.42113,Acq2
RUS,TUR,0.988028,-1.020003,1.927677,-0.096173,-1.706594,1.61802,-0.749125,-1.092421,-0.579822,-1.656896,0.888442,-0.4196,-2.170793,0.408159,-1.156832,-1.41378,Nego
FRA,USA,0.696602,-0.890378,1.745961,0.406377,-1.398501,1.403318,-0.190327,-0.444389,-0.022901,-1.282978,1.251506,-0.84941,-2.11191,1.13234,-1.383042,-1.797508,Nego
ESP,PRT,0.626222,-0.646827,1.571251,-0.482592,-1.572783,1.524883,-0.991938,-1.454916,0.643036,-0.634262,1.582143,0.792117,-0.990707,1.179135,0.210886,0.032664,Nego
DEU,CHE,-0.01378,-1.150956,1.130267,0.333985,-1.500015,1.139237,0.168425,-0.006104,0.041455,-1.120637,1.182419,-0.335461,-1.779709,1.187117,-0.660299,-0.989835,Nego
BRA,PRY,-0.177912,-0.741372,0.407073,0.187702,-0.932387,0.551001,0.236123,0.140615,-0.14474,-0.715345,0.443675,-0.427004,-1.466565,0.487936,-0.758353,-1.133963,Nego
FRA,CHN,0.066404,-1.153975,1.249639,0.090828,-1.636087,1.215249,-0.184618,-0.425674,0.205586,-1.077886,1.368199,-0.24555,-1.737613,1.345604,-0.598009,-0.927873,Nego
ARG,BRA,-0.148422,-0.149385,-0.147459,-0.148965,-0.931179,-0.115072,-0.507475,-0.898372,-0.061951,-0.062937,-0.060965,-0.061395,-0.281064,0.055081,-0.054412,-0.163476,Nego
xxx,ITA,0.578993,-0.835875,1.622586,0.978687,-1.097786,1.195237,0.420383,0.289428,0.06344,-1.143146,1.23534,-0.915602,-2.047479,1.179949,-1.423159,-1.875326,Nego
GBR,TUR,-0.310054,-0.310969,-0.309139,-0.310922,-1.285313,-0.301184,-0.790139,-1.277311,0.455281,0.454221,0.456341,0.456286,0.428521,0.758427,0.745522,0.732672,Nego
RUS,CHN,-0.166836,-1.215455,0.956954,-0.044297,-1.676349,1.046896,-0.184802,-0.415249,0.29284,-0.953677,1.381626,-0.027623,-1.557132,1.447784,-0.263192,-0.56492,Nego
FRA,CHN,-0.080357,-1.169151,1.046063,-0.480074,-1.858085,1.07106,-0.799545,-1.144012,0.309341,-0.943478,1.394657,0.437734,-1.352746,1.442126,0.280569,0.075935,Nego
GBR,RUS,0.02663,-1.190834,1.229007,-0.269146,-1.809947,1.218864,-0.588845,-0.898402,0.424942,-0.968822,1.544067,-0.040142,-1.599256,1.534225,-0.365201,-0.680417,Nego
FRA,GBR,-0.101386,-1.207796,1.054703,-0.469134,-1.881315,1.087803,-0.772792,-1.109552,0.178014,-1.054651,1.313387,0.458464,-1.415677,1.378171,0.342734,0.162221,Nego
FRA,ITA,-0.101386,-1.22606,1.074785,-0.502393,-1.911538,1.106673,-0.813244,-1.155983,0.774944,-0.693925,1.728833,0.209868,-1.320882,1.766654,-0.065789,-0.379268,Nego
PER,ECU,-0.222523,-1.178504,0.817649,0.438002,-1.368693,0.99785,0.523109,0.428014,-0.049102,-1.079076,1.000989,-0.442044,-1.77282,1.069138,-0.720766,-1.067638,Nego
CHL,ARG,-0.154846,-1.138097,0.888619,-0.228878,-1.68948,0.958086,-0.435103,-0.710794,-0.155314,-1.138364,0.88812,0.311504,-1.422904,0.998906,0.280021,0.137751,Nego
ITA,CHN,0.49727,-0.875807,1.56362,-0.468613,-1.708885,1.480615,-0.968157,-1.384696,0.435427,-0.915163,1.521919,0.040474,-1.52304,1.326927,-0.458456,-0.762394,Nego
HTI,DOM,-0.165409,-1.142146,0.875052,0.502347,-1.32691,1.009899,0.544812,0.45243,0.014088,-1.036999,1.059301,-0.527022,-1.793724,1.099541,-0.865145,-1.243508,Nego
PER,CHL,-0.158415,-1.136337,0.880491,-0.438625,-1.790392,0.935294,-0.71085,-1.037877,-0.358791,-1.24806,0.655349,0.396073,-1.384277,0.792185,0.4648,0.396692,Nego
DEU,NOR,0.270874,-0.967157,1.364046,0.973698,-1.134602,1.138529,0.664459,0.580736,0.030823,-1.107762,1.154297,-0.836032,-1.987637,1.121758,-1.308508,-1.748446,Nego
SLV,HND,0.209233,-0.911713,1.236889,0.084599,-1.448011,1.139867,-0.280572,-0.548721,0.311095,-0.845107,1.32367,-0.259844,-1.575249,1.267207,-0.681379,-1.046449,Nego
BOL,PRY,0.082196,-0.991644,1.121086,0.526156,-1.273237,1.062037,0.32631,0.185514,0.339953,-0.825798,1.347276,-0.53324,-1.69117,1.33621,-0.976991,-1.409677,Nego
RUS,TUR,-0.020966,-1.047121,1.013613,0.923715,-1.090745,1.033664,0.921954,0.900142,-0.089455,-1.087865,0.943844,-0.978606,-2.034088,0.944972,-1.45059,-1.923702,Nego
xxx,HUN,0.491604,-0.746328,1.480092,0.290134,-1.280799,1.251236,-0.205958,-0.473193,0.293218,-0.880337,1.326715,-0.213672,-1.578276,1.17822,-0.711136,-1.060106,Nego
PRY,BOL,0.283662,-0.86328,1.300828,-0.50324,-1.696911,1.253636,-0.967248,-1.384064,0.098372,-0.981648,1.1363,0.466527,-1.297885,0.942343,0.114451,-0.043668,Nego
PRY,BOL,0.276026,-0.866398,1.292911,-0.495527,-1.694643,1.245503,-0.957058,-1.371181,0.104007,-0.976396,1.13996,0.455426,-1.299845,0.953214,0.106955,-0.054769,Nego
GBR,TUR,-0.286193,-1.475661,1.089499,1.037273,-1.496021,1.369865,1.307459,1.297279,0.206443,-1.270122,1.520903,-1.198827,-2.244578,1.528214,-1.678744,-2.165972,Nego
GRC,TUR,-0.778057,-1.51298,0.201449,0.137602,-1.550221,0.95053,0.868063,0.849442,0.206443,-1.006071,1.310929,-0.771657,-1.9049,1.389646,-1.142355,-1.591769,Nego
BGR,ROU,0.332023,-0.888101,1.382568,-0.82327,-1.85955,1.373089,-1.318474,-1.804198,0.816796,-0.541456,1.703503,1.444595,-0.656785,1.409772,1.093199,1.035534,Nego
PER,COL,-0.083376,-1.088087,0.954207,-0.150842,-1.629169,0.99247,-0.383121,-0.653662,-0.106526,-1.101653,0.930168,0.208413,-1.456878,0.983927,0.084559,-0.093053,Nego
IRN,IRQ,-0.185293,-1.288264,1.012102,-0.640299,-2.006585,1.064295,-0.947266,-1.306427,0.176908,-1.100698,1.350385,0.673545,-1.376837,1.484511,0.669601,0.531531,Nego
DEU,BEL,0.605581,0.446258,0.7589,0.587214,-0.102889,0.485873,0.039613,-0.234961,0.406398,0.248491,0.56053,0.398319,-0.271352,0.269757,-0.152376,-0.412298,Nego
DEU,FRA,0.605581,0.260954,0.923202,0.653553,-0.146219,0.564197,0.090962,-0.112625,0.434445,0.094322,0.756228,0.280428,-0.624511,0.585959,-0.249258,-0.608674,Nego
ECU,PER,-0.74369,-0.849308,-0.634547,-0.761649,-1.44114,-0.330996,-0.754014,-1.04993,-0.783467,-0.88645,-0.676886,-0.737602,-1.176176,-0.148663,-0.354242,-0.499105,Nego
TUR,FRA,0.08248,-0.186723,0.34953,-0.120387,-1.06302,0.339327,-0.568739,-1.006887,0.428801,0.1433,0.701465,0.614295,-0.012872,0.631865,0.46661,0.388525,Nego
ROU,HUN,0.492882,-0.795964,1.511837,-0.099101,-1.494004,1.363007,-0.596951,-0.945971,0.27651,-0.937021,1.348202,-0.07902,-1.561565,1.163146,-0.576348,-0.88862,Nego
RUS,AFG,0.358388,-0.478949,1.108456,0.923222,-0.595639,0.791889,0.548309,0.489964,-0.340257,-0.999136,0.379343,-0.837123,-1.881606,0.337221,-1.320479,-1.761713,Nego
DEU,BGR,0.042412,-1.066613,1.13186,0.359935,-1.417731,1.104339,0.156856,-0.018704,0.489018,-0.785091,1.500934,-0.346983,-1.593445,1.492805,-0.759288,-1.163465,Nego
TUR,RUS,0.045838,-1.335002,1.392888,-0.635743,-2.078665,1.381138,-1.019325,-1.391157,0.102794,-1.310057,1.438358,0.565774,-1.627543,1.407073,0.375745,0.217002,Nego
RUS,TUR,-0.462504,-1.164469,0.340425,0.036943,-1.366133,0.709659,0.305345,0.204513,1,-0.047705,1.676217,0.160193,-0.927109,1.731993,-0.223733,-0.663435,Nego
GBR,ARG,0.519224,-1.727032,1.948381,-1.103151,-2.557287,1.860246,-1.606414,-2.021542,-0.828427,-1.902601,1.12267,0.932644,-1.965413,0.636059,0.414628,0.383221,Nego
SYR,JOR,-0.038482,-1.249322,1.194602,-1.098122,-2.187454,1.196983,-1.564807,-2.033873,0.465916,-0.976637,1.590289,1.331557,-1.077431,1.624893,1.315763,1.265366,Nego
CHN,IND,0.43124,-0.796938,1.441376,0.604741,-1.170718,1.171325,0.1478,-0.03909,-0.02558,-1.083951,1.043787,-0.618569,-1.86523,0.949466,-1.10353,-1.494169,Nego
GBR,IRN,0.196051,-0.809378,1.131033,0.985537,-0.88436,0.949682,0.766696,0.729205,-0.065015,-0.983015,0.873984,-0.867777,-1.920959,0.861818,-1.348915,-1.817888,Nego
ECU,PER,-0.448738,-0.449605,-0.447871,-0.449076,-1.144707,-0.311052,-0.659808,-1.007359,-0.670767,-0.671545,-0.669989,-0.670462,-0.975891,-0.357822,-0.510469,-0.662642,Nego
xxx,ITA,-0.139925,-0.981232,0.740057,-0.679432,-1.805898,0.764591,-1.067232,-1.479565,0.622009,-0.424186,1.441109,0.924121,-0.701348,1.542252,0.886684,0.748103,Nego
USA,CHE,-0.683425,-1.504395,0.393289,0.257807,-1.575788,1.027922,0.856743,0.821046,-0.406007,-1.379943,0.747856,-0.678998,-2.05052,0.972992,-0.789152,-1.124441,Nego
PER,ECU,-0.683006,-0.683779,-0.682233,-0.682764,-1.026779,-0.233498,-0.405528,-0.577027,-0.454242,-0.455107,-0.453377,-0.454512,-1.111509,-0.218698,-0.548034,-0.876236,Nego
IND,CHN,-0.001147,-1.037729,1.035902,-0.305186,-1.684463,1.036307,-0.628148,-0.951515,0.593715,-0.640432,1.532945,0.103421,-1.298175,1.533337,-0.225058,-0.553929,Nego
CHN,IND,0.595646,-0.638991,1.534261,0.133071,-1.283734,1.322654,-0.400908,-0.723279,-0.032555,-1.056584,1.004558,-0.32393,-1.701123,0.79283,-0.857928,-1.180198,Nego
IND,CHN,-0.022082,-1.049009,1.013735,-0.356614,-1.713342,1.021147,-0.681368,-1.013535,0.661517,-0.587314,1.577117,0.148438,-1.247386,1.584623,-0.174091,-0.504126,Nego
SOM,ETH,0.043415,-1.006881,1.075838,-0.654845,-1.837854,1.0685,-1.07767,-1.493156,0.021333,-1.020379,1.054341,0.659606,-1.210639,1.019186,0.529321,0.434191,Nego
KHM,THA,0.301803,-0.99262,1.421439,-0.264575,-1.691035,1.33042,-0.704802,-1.05401,0.416668,-0.922474,1.506025,0.120924,-1.492827,1.376356,-0.293922,-0.579098,Nego
FRA,BRA,0.643089,-1.291971,1.858373,-0.645488,-2.08676,1.726404,-1.174851,-1.572246,-0.780445,-1.746266,0.69994,0.402047,-1.868044,0.135164,-0.223617,-0.284506,Nego
RUS,CHN,-0.198526,-0.818248,0.450654,-0.13665,-1.281092,0.557294,-0.261433,-0.492855,0.217266,-0.492928,0.888606,0.14254,-1.032956,0.979923,-0.036157,-0.306171,Nego
IND,CHN,-0.208675,-1.201162,0.868949,-0.328193,-1.779461,0.956948,-0.529343,-0.818492,0.217266,-0.953964,1.282887,0.340952,-1.375063,1.40369,0.251204,0.040655,Nego
IRQ,KWT,-0.623114,-0.623912,-0.622316,-0.6229,-0.989835,-0.227213,-0.410759,-0.59372,-0.296035,-0.296954,-0.295115,-0.29628,-0.930539,-0.066797,-0.384754,-0.701546,Nego
VEN,GUY,-0.686667,-1.573667,0.514157,0.415957,-1.620702,1.168527,1.046809,1.023292,-0.542707,-1.518367,0.704434,-0.847603,-2.216602,0.911647,-0.989508,-1.338626,Nego
GBR,ESP,0.687208,-0.486481,1.552264,0.605026,-0.951099,1.184346,0.004798,-0.227511,-0.039262,-1.000593,0.93591,-0.510069,-1.747289,0.761838,-1.057489,-1.430837,Nego
ZWE,ZMB,-0.002066,-1.024517,1.021203,0.06263,-1.493092,1.0223,-0.17056,-0.404848,-0.734436,-1.430357,0.154697,-0.09694,-1.589113,0.156434,-0.17458,-0.253958,Nego
GBR,GTM,0.723605,-1.346871,1.906237,-0.617557,-2.122681,1.744013,-1.167687,-1.555592,-0.073261,-1.610085,1.53841,-0.242412,-2.175695,1.224084,-0.839543,-1.122348,Nego
URY,ARG,-0.238638,-0.239575,-0.237701,-0.239347,-1.117583,-0.208589,-0.649238,-1.088242,-0.777135,-0.777865,-0.776404,-0.776582,-0.899602,-0.566817,-0.627863,-0.688731,Nego
SOM,ETH,-0.730981,-1.434859,0.169858,-0.228401,-1.683039,0.719424,0.197076,0.072986,-0.758029,-1.448397,0.132528,-0.247262,-1.68863,0.687904,0.187997,0.067881,Nego
RUS,ISR,0.114402,-1.000033,1.176893,0.355911,-1.377162,1.105636,0.096089,-0.092475,-0.238696,-1.203621,0.819225,-0.33779,-1.775595,0.770259,-0.672744,-0.958731,Nego
GTM,GBR,0.303727,-1.400961,1.70141,-0.711159,-2.178614,1.633877,-1.167518,-1.556345,0.598113,-1.280545,1.83225,-0.352007,-1.982248,1.741649,-0.79346,-1.144311,Nego
VNM,CHN,-0.045465,-1.078862,1.006663,-0.846439,-1.967416,1.011729,-1.285649,-1.729926,0.125068,-0.976021,1.170965,0.906984,-1.098975,1.210839,0.885382,0.823905,Nego
RUS,JPN,0.190258,-0.986518,1.272864,-0.108889,-1.59808,1.19896,-0.488573,-0.794355,-0.217838,-1.218846,0.8742,0.098211,-1.589592,0.75448,-0.206882,-0.392255,Nego
TUR,GRC,0.191496,0.19046,0.192531,0.192416,0.134656,0.011722,-0.016296,-0.044198,0.735319,0.734269,0.73637,0.734354,-0.225293,0.728626,0.246829,-0.232951,Nego
IRQ,SYR,-0.29731,-0.319777,-0.274787,-0.287539,-0.603225,-0.061749,-0.216225,-0.357949,-0.404814,-0.426385,-0.383173,-0.413423,-1.126433,-0.293994,-0.674269,-1.024293,Nego
GTM,GBR,0.386885,-1.422743,1.772398,-0.827312,-2.236388,1.7003,-1.306233,-1.713055,0.586877,-1.345868,1.850126,-0.407521,-2.052267,1.736536,-0.874311,-1.22751,Nego
PER,CHL,-0.290235,-0.291157,-0.289314,-0.290176,-0.758824,-0.134812,-0.369508,-0.603342,-0.594268,-0.595078,-0.593457,-0.594319,-1.126903,-0.457576,-0.724351,-0.990264,Nego
CHL,PER,-0.594268,-0.595078,-0.593457,-0.594319,-1.126903,-0.315236,-0.582011,-0.847924,-0.290235,-0.291157,-0.289314,-0.290176,-0.758824,0.027034,-0.207662,-0.441496,Nego
CHL,ARG,-0.594268,-0.595078,-0.593457,-0.594541,-1.263877,-0.396635,-0.732119,-1.066518,-0.732365,-0.733116,-0.731614,-0.73211,-1.063624,-0.333757,-0.499507,-0.664761,Nego
ETH,SDN,-0.74386,-1.459691,0.183383,0.153878,-1.477648,0.913885,0.875401,0.866423,-0.757501,-1.466302,0.164419,-1.069228,-2.222806,0.345546,-1.266352,-1.644604,Nego
LBY,TUN,-0.027224,-0.028218,-0.02623,-0.026842,-0.335972,-0.007385,-0.161873,-0.315751,-0.113899,-0.114871,-0.112926,-0.114272,-0.807051,-0.104546,-0.451982,-0.798072,Nego
LBY,SDN,-0.112017,-0.11299,-0.111044,-0.111899,-0.55256,-0.048266,-0.268907,-0.488692,-0.372408,-0.373302,-0.371514,-0.372516,-0.933464,-0.322245,-0.603327,-0.883408,Nego
LBY,EGY,-0.112017,-0.11299,-0.111044,-0.112494,-0.858108,-0.082493,-0.456502,-0.829061,-0.540926,-0.541757,-0.540094,-0.540517,-0.796355,-0.456596,-0.584318,-0.711617,Nego
RUS,IRN,0.345229,-0.868189,1.384805,0.441796,-1.286747,1.184074,0.031786,-0.177493,0.096721,-1.023476,1.172252,-0.456551,-1.765282,1.083116,-0.91659,-1.287493,Nego
EGY,LBY,-0.47765,-1.325708,0.531947,-0.00614,-1.615368,0.871241,0.188325,0.043495,0.012429,-1.054869,1.074371,-0.111309,-1.611725,1.286039,-0.178069,-0.456497,Nego
SYR,JOR,-0.303286,-0.32719,-0.279319,-0.292481,-0.602143,-0.059422,-0.210061,-0.347538,0.064199,0.03774,0.090642,0.052555,-0.682206,0.175578,-0.222481,-0.582454,Nego
AFG,IRN,0.210731,-0.89533,1.225375,-0.330282,-1.628886,1.169227,-0.753208,-1.119986,-0.173918,-1.130922,0.84744,0.304019,-1.405605,0.694593,0.01383,-0.123511,Nego
CUB,USA,0.111201,-1.379979,1.508822,-1.053464,-2.266951,1.496253,-1.509519,-1.953006,-0.520675,-1.606168,0.899625,0.771354,-1.657357,0.794116,0.640251,0.614656,Nego
NIC,HND,0.773069,0.772023,0.774114,0.773188,0.328975,0.343552,0.121101,-0.100422,0.860692,0.859659,0.861724,0.860572,0.301894,0.519846,0.239812,-0.039071,Nego
VEN,GUY,-0.073059,-1.294701,1.192459,0.82847,-1.441048,1.254826,0.817663,0.74449,-0.259212,-1.379385,1.004416,-0.830934,-2.149311,1.021225,-1.199088,-1.584052,Nego
RUS,SWE,-0.015946,-1.112729,1.088203,0.483219,-1.387606,1.099766,0.357344,0.219906,-0.179123,-1.202681,0.921444,-0.476281,-1.860705,0.926897,-0.79984,-1.128852,Nego
TUR,GRC,0.067048,0.066034,0.068062,0.068062,0.065937,0.001021,0.000972,0.000923,0.714741,0.713689,0.715794,0.713689,-0.286236,0.715789,0.213722,-0.28624,Nego
RUS,ITA,-0.03609,-1.571838,1.535394,0.082716,-2.039354,1.554612,-0.131824,-0.365581,0.54492,-1.376204,1.840817,-0.877207,-2.221092,1.846415,-1.294053,-1.716498,Nego
ARG,CHL,-0.639143,-0.639935,-0.638352,-0.638886,-0.977722,-0.215103,-0.384531,-0.553425,-0.219592,-0.220535,-0.218649,-0.219897,-0.882303,-0.00247,-0.334602,-0.665486,Nego
ETH,SDN,-0.734721,-1.458773,0.202055,0.175606,-1.474698,0.925075,0.890663,0.8827,-0.813121,-1.496352,0.091948,-1.168979,-2.290236,0.243385,-1.414484,-1.811426,Nego
USA,IRN,0.483057,-0.806449,1.507276,-0.08081,-1.492825,1.355778,-0.575496,-0.918684,-0.085805,-1.152865,1.019815,0.005582,-1.619677,0.762255,-0.485384,-0.71879,Nego
RUS,JPN,0.335826,-0.885394,1.385388,-0.128353,-1.552011,1.273429,-0.57362,-0.906928,-0.163385,-1.181568,0.923663,0.06384,-1.58999,0.724996,-0.339038,-0.543249,Nego
LBY,TUN,0.057699,0.056687,0.058711,0.05802,-0.284593,0.020704,-0.150627,-0.321267,-0.022774,-0.023769,-0.02178,-0.02309,-0.682506,-0.04147,-0.372149,-0.701518,Nego
LBY,EGY,0.057699,-1.027861,1.117942,-0.031119,-1.563353,1.09114,-0.325667,-0.593414,-0.499158,-1.336806,0.505151,-0.067029,-1.647444,0.465375,-0.262124,-0.417442,Nego
IRN,FRA,-0.083829,-1.151773,1.021819,-0.317272,-1.767846,1.054003,-0.593125,-0.901161,0.903934,-0.492155,1.755775,0.185672,-1.190621,1.781052,-0.138285,-0.487518,Nego
MAR,MRT,-0.518145,-0.681557,-0.349271,-0.499096,-1.132448,-0.064753,-0.440023,-0.665468,-0.22387,-0.40851,-0.036413,-0.182056,-0.799922,0.278924,-0.062425,-0.258131,Nego
TUR,GRC,0.191952,0.190917,0.192988,0.192988,0.190797,0.001059,0.000998,0.000939,0.864561,0.86353,0.865593,0.86353,-0.136384,0.865576,0.363556,-0.136401,Nego
PER,ECU,0.079965,0.078949,0.080982,0.080348,-0.232841,0.025949,-0.13058,-0.286475,0.351032,0.349978,0.352086,0.350635,-0.338426,0.327169,-0.018484,-0.362686,Nego
xxx,AUT,-0.005426,-1.028305,1.019606,0.174524,-1.440961,1.022793,-0.028617,-0.234945,-0.002803,-1.026708,1.022215,-0.172126,-1.609619,1.024478,-0.461318,-0.752774,Nego
xxx,HUN,-0.005426,-1.161211,1.15315,-1.030143,-2.104579,1.153458,-1.50152,-1.973204,0.374136,-0.943026,1.471667,1.235756,-1.040724,1.476563,1.191803,1.142954,Nego
RUS,TUR,0.96762,-1.032357,1.923335,-0.074744,-1.708368,1.609837,-0.726248,-1.064253,-0.660493,-1.679992,0.783882,-0.311532,-2.124583,0.246456,-1.071253,-1.293548,Cap1
DEU,FRA,0.185979,-1.175486,1.423024,-0.578911,-1.945902,1.380327,-1.006817,-1.392025,0.214708,-1.160722,1.445143,0.329515,-1.588844,1.338786,0.009097,-0.204964,Cap1
USA,MEX,0.055852,-1.058516,1.144313,0.678654,-1.269908,1.100268,0.528913,0.423217,-0.104553,-1.150053,0.986299,-0.654718,-1.918193,0.973349,-1.051738,-1.435807,Cap1
USA,GBR,0.055852,-1.184572,1.26378,-1.061852,-2.134448,1.260981,-1.53959,-2.014529,0.653095,-0.83586,1.688768,1.222938,-1.020374,1.643222,1.085135,0.992878,Cap1
BRA,PRY,-0.106094,-1.124101,0.955383,0.802933,-1.197412,1.0537,0.864594,0.827938,0.054215,-1.030244,1.114905,-0.854091,-1.948127,1.123617,-1.30432,-1.763262,Cap1
FRA,EGY,-0.385147,-1.30017,0.67537,0.540686,-1.368346,1.034259,0.865488,0.8314,-0.170036,-1.186161,0.917684,-0.84471,-2.023862,0.980193,-1.201052,-1.619903,Cap1
CHL,ARG,-0.078057,-1.096024,0.971489,-0.180372,-1.653148,1.006058,-0.424364,-0.702926,-0.161522,-1.144087,0.883962,0.247522,-1.457906,0.937524,0.144175,-0.012735,Cap1
USA,NIC,-0.342633,-1.27869,0.726021,0.713236,-1.285068,1.066468,1.050494,1.047305,-0.067359,-1.129847,1.024862,-1.094023,-2.113221,1.030559,-1.580014,-2.071702,Cap1
DEU,SWE,0.270874,-0.967157,1.364046,0.907114,-1.163164,1.146265,0.59133,0.493326,-0.092998,-1.175996,1.033308,-0.824324,-2.016818,0.99019,-1.287852,-1.708263,Cap1
NOR,GBR,0.030823,-1.103248,1.14991,-0.731018,-1.938044,1.144818,-1.153508,-1.570907,0.053216,-1.090562,1.170893,0.76319,-1.270845,1.145626,0.647782,0.55764,Cap1
USA,DEU,0.391944,-0.911424,1.470965,-0.527157,-1.750129,1.407747,-1.009728,-1.429081,0.195919,-1.030531,1.31706,0.355635,-1.440068,1.085631,-0.080561,-0.28533,Cap1
GTM,HND,-0.146202,-0.197539,-0.094725,-0.127082,-0.512256,0.005465,-0.184251,-0.34161,0.092041,0.037655,0.146328,0.072012,-0.646194,0.19255,-0.223691,-0.565615,Cap1
DEU,FRA,0.168176,-0.948543,1.20956,-0.020056,-1.51831,1.137205,-0.377294,-0.662178,0.242302,-0.901362,1.274523,-0.124837,-1.544484,1.214505,-0.506417,-0.827978,Cap1
PRY,BOL,0.161785,-0.940149,1.19305,-0.393406,-1.683847,1.151585,-0.806721,-1.17857,0.079445,-0.991603,1.116863,0.335694,-1.362095,1.015019,0.048603,-0.136643,Cap1
FRA,TUR,0.147397,-0.745223,0.997865,0.805861,-0.855374,0.866704,0.619624,0.564548,0.265783,-0.657981,1.110077,-0.547335,-1.595401,1.100853,-1.02527,-1.49398,Cap1
DEU,URY,0.172026,-1.080068,1.326813,0.375412,-1.475352,1.222786,0.073743,-0.123899,-0.484688,-1.412304,0.646421,-0.277466,-1.86107,0.551595,-0.596675,-0.821059,Cap1
DEU,TUR,-0.051402,-1.42467,1.361515,0.347629,-1.788568,1.394212,0.198377,0.016428,0.337433,-1.261322,1.641616,-0.580495,-2.026792,1.653672,-0.951175,-1.33391,Cap1
USA,xxx,-0.485338,-1.356041,0.560893,0.218558,-1.534626,0.959557,0.52793,0.438637,0.690209,-0.649832,1.636491,-0.318066,-1.504723,1.706918,-0.675084,-1.10253,Cap1
GBR,xxx,0.333965,-0.630425,1.190896,0.38014,-1.075572,1.005594,-0.027735,-0.250309,0.690209,-0.344362,1.478372,0.000308,-1.155267,1.415221,-0.468296,-0.873749,Cap1
GBR,CHL,0.519224,-1.727032,1.948381,-1.070028,-2.548275,1.855566,-1.573465,-1.984087,-0.82511,-1.902275,1.127164,0.920177,-1.9706,0.643416,0.402266,0.368103,Cap1
RUS,xxx,-0.253938,-1.278616,0.884927,0.650539,-1.386951,1.111355,0.8228,0.768632,-0.179395,-1.240609,0.965389,-0.805364,-2.043308,1.015491,-1.156611,-1.557961,Cap1
HUN,xxx,0.227445,-0.970811,1.310286,0.356455,-1.388957,1.177946,0.015042,-0.194031,-0.311626,-1.273574,0.776149,-0.341907,-1.819041,0.672768,-0.718022,-0.990756,Cap1
IND,PAK,0.003642,-1.043272,1.049044,0.59782,-1.25893,1.046188,0.487134,0.379305,-0.18175,-1.151452,0.857433,-0.562272,-1.858164,0.856364,-0.916696,-1.270053,Cap1
USA,xxx,-0.746026,-1.729096,0.72715,0.565753,-1.794805,1.424155,1.229904,1.197049,0.158229,-1.461477,1.622683,-0.472245,-2.140731,1.861968,-0.572587,-0.912214,Cap1
PER,ECU,-0.6794,-0.680175,-0.678626,-0.679097,-0.984288,-0.20584,-0.358368,-0.510424,-0.424053,-0.424929,-0.423177,-0.424395,-1.120271,-0.216193,-0.565082,-0.912753,Cap1
THA,MMR,0.535003,-0.796313,1.55742,1.173105,-0.959592,1.109772,0.643818,0.562178,0.044427,-1.099509,1.166489,-0.891001,-2.007493,1.11726,-1.394222,-1.848214,Cap1
THA,MMR,0.436444,-0.855402,1.485355,1.136336,-1.004507,1.113987,0.690415,0.615863,0.030243,-1.10213,1.147955,-0.887061,-2.006547,1.106239,-1.380986,-1.833195,Cap1
USA,CHN,-0.618949,-1.462947,0.457713,0.029927,-1.685676,0.938805,0.399654,0.288289,0.61867,-0.785271,1.634423,-0.170238,-1.531093,1.791746,-0.385826,-0.758737,Cap1
USA,xxx,-0.529203,-1.673015,1.010393,0.67461,-1.798148,1.473376,1.075026,1.012459,-0.032492,-1.526604,1.491689,-0.07813,-2.046706,1.745653,-0.084217,-0.344268,Cap1
CHL,ARG,-0.803416,-0.804135,-0.802697,-0.803754,-1.539169,-0.589819,-0.958393,-1.32591,-0.828294,-0.829001,-0.827587,-0.827961,-1.093202,-0.236434,-0.368908,-0.501009,Cap1
EGY,SDN,-0.761135,-0.915439,-0.598933,-0.605859,-0.937324,0.145546,0.127677,0.116735,-0.73141,-0.888636,-0.566412,-0.877213,-1.853184,-0.539428,-1.332503,-1.814776,Cap1
THA,KHM,0.440431,-0.846758,1.484381,0.891184,-1.101225,1.156025,0.435594,0.308361,0.138578,-1.034573,1.242359,-0.667383,-1.873307,1.171333,-1.157776,-1.577144,Cap1
USA,CHE,-0.595953,-1.462409,0.504285,0.280724,-1.576083,1.032494,0.752096,0.69526,-0.256102,-1.303964,0.913077,-0.449262,-1.918449,1.142826,-0.526756,-0.833999,Cap1
RUS,LAO,0.158746,-0.967417,1.212348,0.056152,-1.497839,1.137804,-0.283603,-0.548814,0.110032,-0.997391,1.168069,-0.074691,-1.571292,1.100427,-0.429283,-0.716233,Cap1
EGY,ISR,-0.791604,-1.598452,0.336203,-0.542729,-2.052762,0.768174,-0.337913,-0.565068,-0.195934,-1.353186,1.073404,0.762837,-1.481171,1.763695,1.389134,1.325141,Cap1
THA,LAO,0.467959,-0.828511,1.503971,0.561462,-1.232591,1.225105,0.080556,-0.121484,0.150535,-1.02752,1.252905,-0.417009,-1.759802,1.127624,-0.908431,-1.274572,Cap1
KHM,USA,0.247738,-1.076134,1.418796,-0.588806,-1.880807,1.370406,-1.039532,-1.441868,-0.667739,-1.516309,0.447832,0.276356,-1.603612,0.221723,0.006595,-0.037057,Cap1
JOR,SYR,-0.453966,-0.454831,-0.453101,-0.45424,-1.113244,-0.298032,-0.628377,-0.957584,-0.611941,-0.612744,-0.611138,-0.611686,-0.953776,-0.311989,-0.483053,-0.653569,Cap1
CHL,ARG,-0.704438,-0.705201,-0.703674,-0.704724,-1.392609,-0.483472,-0.828225,-1.171929,-0.803356,-0.804075,-0.802637,-0.803085,-1.115894,-0.317857,-0.474214,-0.630124,Cap1
TWN,CHN,0.250981,-0.96516,1.336844,-0.277929,-1.666624,1.261918,-0.703588,-1.05432,0.195743,-0.998713,1.290504,0.237351,-1.458763,1.154986,-0.128191,-0.358216,Cap1
LBY,SDN,0.041511,0.040502,0.042519,0.041382,-0.523147,0.024406,-0.258556,-0.54038,-0.366248,-0.367144,-0.365352,-0.366133,-0.803313,-0.388757,-0.607623,-0.825708,Cap1
ESP,MAR,-0.075527,-1.09963,0.979493,0.721265,-1.22383,1.04564,0.725312,0.663212,-0.560068,-1.363013,0.420427,-0.888164,-2.096759,0.440537,-1.234928,-1.6018,Cap1
IRN,RUS,0.317802,-0.926399,1.392658,-0.197365,-1.612033,1.292752,-0.640088,-0.982905,0.337856,-0.913764,1.408303,-0.148494,-1.5842,1.303568,-0.588448,-0.923666,Cap1
LBY,SDN,0.005683,-0.073705,0.085059,0.054004,-0.269308,0.080487,-0.048369,-0.146171,-0.437841,-0.506496,-0.368405,-0.476002,-1.285668,-0.36966,-0.866843,-1.256429,Cap1
RUS,SWE,-0.03609,-1.124078,1.068428,0.5026,-1.382152,1.095204,0.400339,0.271302,-0.194892,-1.211144,0.904531,-0.50054,-1.875268,0.916653,-0.82048,-1.152542,Cap1
USA,PRK,-0.452257,-1.409454,0.704304,-0.323831,-1.895856,0.936582,-0.334753,-0.577954,0.502691,-0.902251,1.584194,0.305972,-1.416327,1.803957,0.268697,0.011659,Cap1
RUS,SWE,-0.050592,-1.132204,1.054051,0.500866,-1.385232,1.091842,0.412143,0.285628,-0.201552,-1.214707,0.897345,-0.501563,-1.877053,0.914428,-0.815654,-1.146827,Cap1
RUS,NOR,-0.050592,-1.557873,1.505133,0.226899,-1.975187,1.534613,0.047721,-0.160935,0.811624,-1.23338,1.910158,-1.024971,-2.167082,1.913512,-1.488468,-1.95532,Cap1
USA,RUS,-0.723246,-1.73929,0.798197,0.526382,-1.84641,1.443969,1.118593,1.065034,-0.118561,-1.57827,1.452,0.48666,-1.896835,1.944844,0.820221,0.660938,Cap1
USA,PAN,-0.468337,-0.819666,-0.093615,-0.290617,-1.090999,0.247647,-0.085022,-0.220688,0.776412,0.303943,1.18308,0.504637,-0.467772,1.289995,0.225694,-0.160164,Cap1
COL,VEN,0.254593,0.253549,0.255637,0.254527,-0.27807,0.136391,-0.130529,-0.396338,-0.248949,-0.249884,-0.248015,-0.24889,-0.71826,-0.383363,-0.618426,-0.852615,Cap1
RUS,SWE,-0.160045,-1.19239,0.941717,0.463204,-1.416611,1.065877,0.475253,0.363142,-0.254611,-1.242851,0.839197,-0.487664,-1.880138,0.897247,-0.748257,-1.0669,Cap1
RUS,IRN,0.325626,-0.880947,1.369244,0.447286,-1.290671,1.177035,0.050215,-0.154647,-0.073167,-1.122478,1.007668,-0.452383,-1.807901,0.905234,-0.897529,-1.240241,Cap1
SYR,IRQ,-0.353412,-0.354313,-0.352512,-0.353751,-1.042476,-0.242305,-0.587626,-0.931708,-0.547089,-0.547918,-0.54626,-0.546776,-0.859312,-0.302898,-0.459111,-0.614808,Cap1
PAK,AFG,-0.073464,-1.071254,0.952743,0.702743,-1.194773,1.017133,0.705373,0.643614,0.17572,-0.917139,1.193424,-0.702449,-1.815417,1.200897,-1.144115,-1.593254,Cap1
RUS,SWE,0.081564,-0.982293,1.1114,0.933105,-1.067451,1.036781,0.815907,0.773328,0.001675,-1.03131,1.033984,-0.875994,-1.956108,1.02785,-1.344527,-1.806925,Cap1
FRA,CAN,0.493093,-0.737168,1.47615,0.951297,-0.974303,1.099987,0.456566,0.337999,0.282984,-0.87959,1.312537,-0.701987,-1.798572,1.272587,-1.201427,-1.660918,War2
FRA,GRC,0.171738,-0.38133,0.706037,0.487728,-0.582098,0.568778,0.250086,0.149702,0.517181,-0.072867,1.043207,0.067435,-0.947157,1.021618,-0.391299,-0.828445,War2
FRA,ZAF,0.111605,-1.160761,1.317104,1.115054,-1.242303,1.214599,0.971778,0.931008,-0.187927,-1.310184,1.034074,-1.08504,-2.214144,1.023356,-1.547739,-1.999719,War2
FRA,AUS,0.047056,-1.08654,1.157948,0.810382,-1.241394,1.118178,0.693186,0.615759,-0.167536,-1.205114,0.943811,-0.801775,-2.017421,0.934979,-1.216761,-1.622914,War2
FRA,NZL,0.047056,-1.08654,1.157948,1.032535,-1.142416,1.113521,0.96017,0.932232,-0.096507,-1.166732,1.017589,-1.036891,-2.10729,1.014792,-1.509967,-1.980246,War2
FRA,RUS,-0.048403,-1.195707,1.123904,-0.95313,-2.09113,1.128965,-1.395779,-1.843491,0.301285,-1.001219,1.427093,1.080964,-1.143758,1.468597,1.051198,0.979928,War2
RUS,FRA,0.301285,-1.001219,1.427093,0.911728,-1.213451,1.189751,0.56827,0.462154,-0.048403,-1.195707,1.123904,-0.83472,-2.040083,1.077016,-1.303795,-1.725983,War2
RUS,ESP,0.301285,-1.0879,1.489457,0.933793,-1.303494,1.253128,0.589666,0.481868,0.007678,-1.24031,1.251036,-0.885512,-2.097898,1.208129,-1.357213,-1.786007,War2
RUS,HUN,0.301285,-0.740809,1.229832,-0.15665,-1.444378,1.140522,-0.597745,-0.94953,0.825707,-0.328626,1.621433,0.197464,-1.058845,1.540152,-0.248926,-0.614035,War2
RUS,ITA,0.301285,-0.485504,1.022743,-0.058362,-1.2023,0.937417,-0.502086,-0.860484,0.623641,-0.21126,1.30877,0.412052,-0.801194,1.185223,-0.006462,-0.301429,War2
RUS,FIN,0.301285,-0.289769,0.855077,0.7391,-0.391073,0.584314,0.417684,0.367032,-0.023832,-0.566437,0.521346,-0.471651,-1.4793,0.495093,-0.954335,-1.410766,War2
RUS,JPN,0.301285,-0.554564,1.080064,-0.209715,-1.343599,1.016504,-0.667793,-1.062311,0.028625,-0.761634,0.812307,0.348021,-1.056617,0.599896,-0.011882,-0.159374,War2
ITA,ESP,0.28607,-0.987927,1.398797,0.575702,-1.332791,1.211383,0.215855,0.043423,-0.208512,-1.260386,0.940181,-0.56122,-1.942665,0.849291,-0.99325,-1.33439,War2
ITA,HUN,0.28607,-0.987927,1.398797,0.577064,-1.33222,1.211219,0.21734,0.045193,0.640998,-0.758567,1.642166,-0.449563,-1.629854,1.605346,-0.922027,-1.357671,War2
ITA,BGR,0.28607,-0.934517,1.358609,1.074614,-1.058363,1.107969,0.76205,0.700126,0.820779,-0.55966,1.71399,-0.479788,-1.52453,1.703941,-0.972272,-1.454708,War2
ITA,ROU,0.28607,-0.934517,1.358609,0.964275,-1.10648,1.121734,0.641417,0.555435,0.677479,-0.669231,1.633602,-0.556846,-1.620428,1.619641,-1.046406,-1.522004,War2
ITA,FIN,0.28607,-0.934517,1.358609,1.032469,-1.076742,1.113226,0.715973,0.644861,-0.252225,-1.242575,0.84306,-0.952654,-2.103567,0.803294,-1.422915,-1.853411,War2
ITA,JPN,0.28607,-0.934517,1.358609,0.267471,-1.410347,1.20866,-0.120394,-0.358309,-0.040358,-1.127582,1.065358,-0.356046,-1.775755,0.964711,-0.780779,-1.104865,War2
BGR,JPN,0.61015,-0.645255,1.553416,-0.351535,-1.511665,1.471906,-0.86625,-1.299455,0.042758,-1.024324,1.091639,0.569033,-1.271307,0.632186,-0.013912,-0.137403,War2
ROU,JPN,0.488055,-0.733837,1.468204,-0.402512,-1.583374,1.39477,-0.900715,-1.325484,0.042758,-1.024324,1.091639,0.561515,-1.27486,0.72586,0.070467,-0.054801,War2
FIN,DEU,-0.09768,-1.127927,0.973478,-1.012612,-2.073052,0.978838,-1.479814,-1.952377,-0.165769,-1.166228,0.902003,0.821299,-1.205249,0.995872,0.895657,0.876147,War2
FIN,JPN,-0.09768,-1.107428,0.951243,-0.574843,-1.848725,0.976514,-0.920221,-1.29087,0.042758,-1.024324,1.091639,0.571553,-1.270116,1.165311,0.522328,0.399433,War2
BRA,ARG,-0.063687,-0.064672,-0.062702,-0.063132,-0.282923,-0.012915,-0.12247,-0.231596,-0.197677,-0.198626,-0.196727,-0.198211,-0.980277,-0.182821,-0.575131,-0.965956,Acq1
USA,MEX,0.041547,-1.018392,1.08404,1.006181,-1.055425,1.044032,0.947655,0.929139,-0.382029,-1.260639,0.627862,-1.110373,-2.18107,0.624556,-1.573895,-2.03411,Acq1
PAK,AFG,-0.08229,-1.213242,1.09056,0.340364,-1.538876,1.146053,0.233041,0.070224,0.233377,-1.040819,1.373706,-0.349571,-1.754532,1.397265,-0.682869,-1.039726,Acq1
BOL,CHL,0.131124,0.130098,0.13215,0.130503,-0.672668,0.106288,-0.296742,-0.698125,-0.752792,-0.753534,-0.75205,-0.752343,-0.950528,-0.857344,-0.956133,-1.05463,Acq1
DZA,MAR,-0.421309,-0.422186,-0.420432,-0.421291,-0.911858,-0.205427,-0.451122,-0.695958,-0.564822,-0.565644,-0.563999,-0.564838,-1.075404,-0.357457,-0.613175,-0.868055,Acq1
RUS,USA,0.355355,-1.273174,1.664342,-0.829842,-2.122254,1.610711,-1.308012,-1.732552,-0.475236,-1.589457,0.950688,0.696489,-1.689529,0.630895,0.326659,0.276622,Acq1