Agent1	Agent2	wrTu1sq	wrTu1ac1	wrTu1ac2	wrTu1neg	wrTu1cp1	wrTu1cp2	wrTu1wr1	wrTu1wr2	wrTu2sq	wrTu2ac2	wrTu2ac1	wrTu2neg	wrTu2cp2	wrTu2cp1	wrTu2wr2	wrTu2wr1	predicted	groundtruth
USA	ESP	-0.238012	-1.368436	1.025024	-1.101216	-2.25679	1.051597	-1.51882	-1.962997	-0.575933	-1.511569	0.627684	0.591662	-1.528407	0.861688	0.817247	0.808828	Acq1	Cap2
RUS	TUR	0.988028	-1.020003	1.927677	-0.096173	-1.706594	1.61802	-0.749125	-1.092421	-0.579822	-1.656896	0.888442	-0.4196	-2.170793	0.408159	-1.156832	-1.41378	Nego	Nego
TUR	RUS	-0.427334	-1.33102	0.637847	-0.811174	-2.066987	0.750678	-1.066327	-1.43431	0.975246	-0.42861	1.787894	0.666672	-0.934462	1.99906	0.624912	0.371987	SQ	Acq1
FRA	ESP	0.967477	-0.351335	1.757708	0.238525	-1.071654	1.487123	-0.39222	-0.752379	-0.10165	-1.107474	0.944673	-0.493237	-1.80816	0.655093	-1.13316	-1.483503	SQ	Acq1
xxx	ITA	0.422056	-0.987581	1.552648	0.956377	-1.222313	1.229662	0.516025	0.39866	-0.039594	-1.238072	1.181277	-0.864193	-2.083535	1.116054	-1.352148	-1.774879	Nego	War1
xxx	xxx	0.422056	-0.987581	1.552648	0.735968	-1.30908	1.266283	0.288853	0.128104	-0.120256	-1.277716	1.102967	-0.737215	-2.05068	1.007145	-1.219519	-1.606001	Nego	War1
RUS	TUR	0.96762	-1.032357	1.923335	-0.074744	-1.708368	1.609837	-0.726248	-1.064253	-0.660493	-1.679992	0.783882	-0.311532	-2.124583	0.246456	-1.071253	-1.293548	Nego	Cap1
FRA	ESP	1	-0.321995	1.773243	0.289939	-1.029936	1.481183	-0.356091	-0.710061	-0.09605	-1.104223	0.950486	-0.547455	-1.833251	0.679515	-1.182941	-1.547455	SQ	War1
GBR	ESP	0.054882	-1.053236	1.137833	0.681901	-1.261323	1.094371	0.534396	0.430353	0.137616	-1.003923	1.214019	-0.65789	-1.847908	1.205456	-1.088445	-1.510437	Nego	Cap2
ITA	TUR	0.438783	-0.765415	1.429697	-0.097559	-1.461168	1.296199	-0.578934	-0.92681	-0.126439	-1.121802	0.918739	0.124071	-1.511242	0.650835	-0.338552	-0.533272	Nego	War1
RUS	TUR	-0.403342	-1.350302	0.710658	0.435091	-1.48401	1.06007	0.717648	0.650794	0.03642	-1.122825	1.17716	-0.488078	-1.846846	1.288474	-0.738775	-1.100785	War1	Acq1
GBR	TUR	0.957558	-0.713771	1.854426	0.199628	-1.358113	1.513863	-0.463106	-0.785277	-0.258109	-1.391727	1.022268	-0.692227	-2.101958	0.744798	-1.324813	-1.679929	SQ	War1
FRA	TUR	0.943301	-0.724426	1.849471	0.272432	-1.337131	1.484135	-0.399257	-0.705609	-0.258109	-1.391727	1.022268	-0.757424	-2.128966	0.774406	-1.373906	-1.742526	SQ	War1
RUS	TUR	0.945221	-0.722998	1.850144	0.222663	-1.355485	1.502764	-0.440961	-0.757205	-0.258109	-1.391727	1.022268	-0.728983	-2.117184	0.762765	-1.351215	-1.713944	SQ	War1
RUS	TUR	0.945221	-0.722998	1.850144	0.222663	-1.355485	1.502764	-0.440961	-0.757205	-0.258109	-1.391727	1.022268	-0.728983	-2.117184	0.762765	-1.351215	-1.713944	SQ	War1
FRA	TUR	0.950702	-0.658588	1.836787	0.378313	-1.243058	1.441743	-0.308966	-0.601202	-0.189831	-1.32803	1.052521	-0.808208	-2.109668	0.844924	-1.406624	-1.797443	SQ	Cap2
GRC	TUR	-0.828427	-1.535534	0.129171	-0.219411	-1.74493	0.784129	0.33085	0.226152	-0.186663	-1.225903	0.935913	-0.007534	-1.662317	1.402803	0.241149	0.022942	War1	War1
DEU	FRA	0.053623	-1.117999	1.19758	-0.177645	-1.7119	1.175804	-0.496372	-0.793323	0.975513	-0.497404	1.808213	-0.068199	-1.311248	1.798231	-0.485104	-0.892026	SQ	Acq1
GBR	FRA	0.038837	-1.054849	1.115089	0.214658	-1.469806	1.092368	-0.015542	-0.223021	0.218362	-0.945921	1.277808	-0.296161	-1.653727	1.26646	-0.661412	-1.015315	Nego	Acq1
GBR	PRT	0.038837	-0.140103	0.217328	0.121711	-0.407615	0.18888	-0.040493	-0.174249	0.181916	-0.002466	0.364062	0.091438	-0.746268	0.354112	-0.290413	-0.662314	Nego	Acq1
NLD	BEL	0.173664	-0.936406	1.207013	-0.250781	-1.616532	1.151462	-0.646395	-0.986458	0.118089	-0.971318	1.156397	0.148894	-1.444832	1.064965	-0.179295	-0.416052	Nego	War1
FRA	PRT	0.218362	-0.929487	1.264343	-0.373617	-1.676108	1.209015	-0.802255	-1.175566	0.181916	-0.952422	1.232483	0.303407	-1.377647	1.106974	-0.034714	-0.247327	Nego	Cap2
DEU	BEL	0.185979	-1.115615	1.374215	-0.458935	-1.85187	1.325164	-0.876113	-1.244241	0.145931	-1.137188	1.341322	0.30489	-1.555355	1.233114	-0.012402	-0.221485	Nego	Acq1
DEU	FRA	0.185979	-1.175486	1.423024	-0.578911	-1.945902	1.380327	-1.006817	-1.392025	0.214708	-1.160722	1.445143	0.329515	-1.588844	1.338786	0.009097	-0.204964	Nego	Cap1
GBR	RUS	0.027288	-1.182175	1.221513	0.038788	-1.674221	1.207652	-0.221096	-0.467119	0.274108	-1.047479	1.428726	-0.206055	-1.707675	1.419453	-0.545426	-0.875524	Nego	Acq1
GBR	TUR	-0.079934	-1.322461	1.212641	0.208015	-1.718747	1.260898	0.058129	-0.140015	0.367447	-1.101772	1.568729	-0.39191	-1.835956	1.589977	-0.737754	-1.104846	Nego	Acq1
FRA	RUS	0.129323	-1.098655	1.285886	-0.0385	-1.65406	1.22839	-0.373699	-0.651401	0.274108	-1.015919	1.40509	-0.126735	-1.648641	1.357592	-0.490594	-0.806955	SQ	Acq1
FRA	TUR	-0.386361	-1.454606	0.892052	0.231688	-1.736012	1.169688	0.368621	0.227918	0.367447	-1.101772	1.568729	-0.296027	-1.800051	1.685302	-0.528593	-0.877733	War1	Acq1
RUS	GBR	0.153541	-1.145657	1.358302	-0.395832	-1.846201	1.312323	-0.792083	-1.142355	0.530422	-0.930181	1.626211	-0.058828	-1.589329	1.573876	-0.440737	-0.770311	SQ	Cap2
FRA	GBR	0.451222	-0.85222	1.500006	-0.585957	-1.739024	1.44893	-1.080436	-1.523838	0.99932	-0.441009	1.808031	0.193217	-1.15901	1.680787	-0.293028	-0.652028	SQ	Acq1
FRA	DEU	0.451222	-0.942258	1.555225	-0.528669	-1.776656	1.480502	-1.020592	-1.437791	0.336359	-1.011187	1.475112	0.282189	-1.490985	1.240386	-0.192437	-0.432336	SQ	Acq1
FRA	xxx	0.451222	-0.985398	1.580898	-0.60629	-1.837672	1.514241	-1.099084	-1.525221	0.239528	-1.105692	1.431657	0.41875	-1.504891	1.160563	-0.051944	-0.251543	Nego	Acq1
FRA	RUS	0.451222	-0.824384	1.48249	-0.652854	-1.750028	1.448939	-1.149227	-1.612049	0.776106	-0.590735	1.688435	0.573974	-1.079712	1.45785	0.098901	-0.145588	SQ	Acq1
ESP	PRT	0.626222	-0.646827	1.571251	-0.482592	-1.572783	1.524883	-0.991938	-1.454916	0.643036	-0.634262	1.582143	0.792117	-0.990707	1.179135	0.210886	0.032664	Nego	Nego
xxx	xxx	0.0292	-1.188462	1.230332	0.210554	-1.610067	1.213443	-0.017137	-0.22794	0.191283	-1.101997	1.369734	-0.240588	-1.753493	1.359558	-0.576512	-0.90226	Nego	Acq1
GBR	xxx	0.062442	-1.062646	1.158054	0.582561	-1.321795	1.111794	0.406726	0.277152	0.139682	-1.017092	1.22856	-0.587963	-1.825999	1.216628	-1.004349	-1.408802	Nego	Acq1
FRA	xxx	0.156061	-0.960511	1.202476	0.324187	-1.366565	1.109784	0.028468	-0.174559	0.139682	-0.970702	1.187654	-0.357592	-1.686639	1.143322	-0.759892	-1.11786	Nego	Acq1
DEU	DNK	0.289255	-0.999538	1.411336	0.523494	-1.367803	1.228603	0.156629	-0.027503	0.199807	-1.051793	1.339608	-0.482839	-1.813876	1.270789	-0.9327	-1.313741	Nego	War1
xxx	ITA	0.084866	-0.837217	0.980607	0.099434	-1.321958	0.936879	-0.186665	-0.429035	0.085836	-0.836547	0.981565	-0.053423	-1.405812	0.945011	-0.374611	-0.659244	Nego	War1
xxx	xxx	0.150941	-1.123995	1.336519	-0.418761	-1.837374	1.293256	-0.818713	-1.175403	0.084866	-1.159331	1.280001	0.412937	-1.514782	1.182712	0.137922	-0.039804	Nego	War1
GBR	RUS	0.048948	-1.070485	1.145398	0.002963	-1.586052	1.121686	-0.278532	-0.536316	0.080293	-1.052221	1.174642	-0.065078	-1.608932	1.152944	-0.365133	-0.643488	SQ	Acq1
FRA	RUS	0.057221	-1.021197	1.110871	-0.387842	-1.724135	1.093873	-0.756309	-1.107778	0.080293	-1.007203	1.132718	0.364534	-1.36618	1.096038	0.148366	-0.031123	Nego	Acq1
xxx	xxx	-0.008128	-1.074097	1.061363	0.755252	-1.217444	1.068326	0.690541	0.618868	0.156376	-0.975332	1.215828	-0.711864	-1.855091	1.216805	-1.150766	-1.590646	Nego	War1
xxx	xxx	-0.008128	-1.074097	1.061363	0.765084	-1.21284	1.068364	0.702713	0.633342	0.419091	-0.805603	1.432509	-0.605076	-1.716007	1.433237	-1.05955	-1.514751	Nego	Cap2
GBR	GRC	0.031295	-1.049939	1.098775	0.821665	-1.178904	1.071515	0.729923	0.66544	0.333693	-0.861457	1.365283	-0.672791	-1.77673	1.362632	-1.133079	-1.590716	Nego	Cap2
DEU	xxx	0.355676	0.354622	0.35673	0.35662	0.302279	0.019671	-0.00661	-0.032782	0.865124	0.864093	0.866155	0.8642	-0.083688	0.847582	0.371737	-0.102153	Nego	Cap2
DEU	xxx	0.355676	0.203925	0.5044	0.318475	-0.414847	0.368807	-0.126505	-0.435891	0.091179	-0.054328	0.235989	0.115668	-0.468773	0.027721	-0.299822	-0.507045	Acq2	War1
FRA	TUR	-0.362997	-1.305047	0.723496	0.347102	-1.490596	1.01914	0.54997	0.457195	-0.133082	-1.184633	0.977751	-0.31592	-1.782894	1.123581	-0.469221	-0.768351	War1	Acq1
xxx	ITA	0.088718	-1.131722	1.259995	0.425522	-1.480623	1.202231	0.193307	0.018856	0.120384	-1.114433	1.28771	-0.426626	-1.828102	1.262307	-0.808863	-1.165698	Nego	Cap2
xxx	TUR	0.200474	-1.11332	1.390393	0.327198	-1.537967	1.27505	-0.000469	-0.212792	-0.142524	-1.288478	1.08062	-0.338081	-1.887314	1.000197	-0.717922	-1.01734	Nego	Acq1
RUS	TUR	-0.204463	-1.272275	0.961316	0.632578	-1.419454	1.135686	0.733358	0.659768	-0.142524	-1.240994	1.026191	-0.610883	-1.963068	1.083016	-0.915094	-1.27613	Acq2	War1
xxx	RUS	0.314368	-1.036532	1.467798	0.169314	-1.555027	1.316428	-0.241303	-0.500551	0.118704	-1.144761	1.312298	-0.37023	-1.829534	1.213201	-0.811714	-1.1541	SQ	Nego
GRC	GBR	0.090134	-1.046462	1.183724	-0.984971	-2.01889	1.181239	-1.47367	-1.959884	0.801467	-0.566004	1.700215	1.539994	-0.636703	1.616454	1.420882	1.385532	Nego	Cap2
GRC	TUR	-0.814985	-1.612835	0.313601	-1.138801	-2.366767	0.514143	-1.315225	-1.692191	0.872724	-0.771319	1.822208	1.25589	-0.989678	2.459234	1.783737	1.674558	War1	War1
DEU	CHE	-0.01378	-1.150956	1.130267	0.333985	-1.500015	1.139237	0.168425	-0.006104	0.041455	-1.120637	1.182419	-0.335461	-1.779709	1.187117	-0.660299	-0.989835	Nego	Nego
PRT	FRA	0.094573	-0.572463	0.746421	-0.525963	-1.537206	0.743087	-1.01167	-1.494041	0.169446	-0.511805	0.822632	0.765032	-0.554969	0.732141	0.652959	0.631377	Nego	Cap2
xxx	ITA	-0.082223	-1.050586	0.916087	-0.024652	-1.528926	0.958979	-0.22093	-0.460101	0.578652	-0.603508	1.494942	0.052003	-1.29113	1.520627	-0.266123	-0.609934	Nego	War1
FRA	ITA	0.464074	-0.771496	1.463827	0.983245	-0.986491	1.099527	0.511447	0.40395	0.04034	-1.042807	1.105754	-0.838649	-1.947786	1.061657	-1.335235	-1.787725	Nego	Acq1
ITA	xxx	0.04034	-1.012548	1.076517	0.60529	-1.238116	1.045276	0.461264	0.34848	0.242684	-0.88488	1.261772	-0.59439	-1.749558	1.256313	-1.032188	-1.464527	Nego	War1
ITA	xxx	0.04034	-1.012548	1.076517	0.254676	-1.405949	1.052046	0.033505	-0.163196	0.125451	-0.959864	1.157031	-0.304	-1.65004	1.144533	-0.661586	-1.006674	Nego	War1
DEU	DNK	0.107132	-1.148158	1.299915	0.622001	-1.425076	1.22245	0.406078	0.267619	0.10013	-1.151881	1.293868	-0.602045	-1.927068	1.269783	-1.013723	-1.401316	Nego	War1
DEU	xxx	0.118051	0.117028	0.119075	0.118944	0.053111	0.008569	-0.02352	-0.055479	0.654977	0.653919	0.656034	0.654054	-0.282259	0.6485	0.178431	-0.289658	Nego	Acq1
DEU	xxx	0.118051	0.117028	0.119075	0.118844	0.004194	0.014344	-0.042304	-0.098721	0.6184	0.61734	0.619459	0.617579	-0.269977	0.606157	0.160618	-0.283041	Nego	Acq1
DEU	xxx	0.118051	0.117028	0.119075	0.118844	0.004194	0.014344	-0.042304	-0.098721	0.6184	0.61734	0.619459	0.617579	-0.269977	0.606157	0.160618	-0.283041	Nego	Acq1
xxx	DEU	0.063134	-0.099564	0.225229	0.175969	-0.25123	0.17167	0.046578	-0.029255	0.08353	-0.079902	0.246157	-0.033449	-0.937435	0.237163	-0.47121	-0.899977	Nego	War1
FRA	ITA	0.130942	-0.462709	0.708041	0.444644	-0.687691	0.606558	0.23067	0.118179	0.050953	-0.529386	0.625067	-0.305329	-1.335305	0.599654	-0.733702	-1.136662	Nego	Acq1
DEU	FRA	0.156791	-0.900053	1.150646	-0.420105	-1.666012	1.11395	-0.83978	-1.22276	0.130942	-0.916864	1.126656	0.42234	-1.261522	1.023904	0.147259	-0.02507	Nego	Acq1
GRC	TUR	-0.756781	-1.478212	0.186776	-0.417213	-1.840971	0.669028	-0.11634	-0.297719	-0.018322	-1.09391	1.065392	0.24622	-1.473279	1.535074	0.526218	0.336534	War1	Acq1
GRC	TUR	0.084314	-1.033866	1.163527	-0.437016	-1.762249	1.140625	-0.824109	-1.1883	0.223711	-0.949006	1.28762	0.482485	-1.308983	1.233657	0.248534	0.068545	Nego	War1
FRA	DEU	0.249529	-0.856805	1.248688	0.413256	-1.253592	1.098169	0.064344	-0.134049	0.066119	-0.975131	1.08085	-0.424596	-1.707359	1.014033	-0.857527	-1.223641	Nego	War1
FRA	DEU	0.221593	-0.508325	0.90969	0.296672	-0.940632	0.783894	-0.045278	-0.261432	0.222278	-0.507768	0.910363	-0.081791	-1.207389	0.843802	-0.498164	-0.847974	Nego	Acq1
DEU	FRA	0.222278	-0.507768	0.910363	-0.081791	-1.207389	0.843596	-0.498369	-0.84818	0.221593	-0.508325	0.90969	0.296672	-0.940632	0.783505	-0.045667	-0.26182	Nego	Acq1
GBR	RUS	0.083485	-0.947377	1.081743	0.03433	-1.463567	1.041352	-0.264156	-0.522251	0.537111	-0.634823	1.464989	-0.110229	-1.384994	1.444132	-0.506172	-0.881257	SQ	Acq1
GBR	TUR	-0.070581	-1.195678	1.08984	0.745159	-1.346489	1.149776	0.729691	0.654285	-0.001266	-1.158795	1.156915	-0.760117	-1.986633	1.169067	-1.161884	-1.575803	Nego	Acq1
DEU	TUR	0.140582	-1.075194	1.280648	0.735459	-1.306613	1.172599	0.511701	0.395991	-0.001266	-1.153778	1.151892	-0.729929	-1.969949	1.126049	-1.163858	-1.571943	Nego	Acq1
xxx	TUR	0.277965	-1.064353	1.445801	0.851413	-1.301147	1.233656	0.520871	0.402474	-0.001266	-1.213457	1.211645	-0.847491	-2.062549	1.169698	-1.313984	-1.73853	Nego	Acq1
RUS	TUR	0.394781	-0.923881	1.482451	0.724632	-1.238807	1.211997	0.296715	0.139252	-0.001266	-1.153778	1.151892	-0.76881	-1.986812	1.085977	-1.251242	-1.667759	Nego	War1
RUS	TUR	0.394781	-0.923881	1.482451	0.724632	-1.238807	1.211997	0.296715	0.139252	-0.001266	-1.153778	1.151892	-0.76881	-1.986812	1.085977	-1.251242	-1.667759	Nego	Acq1
GBR	RUS	0.051091	-0.945592	1.028966	-0.02184	-1.477765	1.005064	-0.311828	-0.577915	0.550161	-0.597173	1.457642	-0.03139	-1.321828	1.443574	-0.407785	-0.770112	SQ	Acq1
xxx	ITA	0.578993	-0.835875	1.622586	0.978687	-1.097786	1.195237	0.420383	0.289428	0.06344	-1.143146	1.23534	-0.915602	-2.047479	1.179949	-1.423159	-1.875326	Nego	Nego
GRC	TUR	-0.728099	-1.464579	0.22664	-0.673956	-1.997092	0.567016	-0.599836	-0.866093	-0.202981	-1.197309	0.874248	0.552684	-1.352537	1.489326	1.090148	1.012534	War1	Acq1
GBR	RUS	0.040547	-1.221126	1.27758	-0.280708	-1.844764	1.26232	-0.607787	-0.919606	0.483404	-0.980179	1.609203	-0.161669	-1.664076	1.596386	-0.516434	-0.858383	SQ	Acq1
GRC	TUR	-0.742986	-1.495959	0.248783	-0.819594	-2.1083	0.536808	-0.83774	-1.143911	0.364812	-0.906421	1.435771	0.878493	-1.144351	2.001978	1.325736	1.206771	War1	Cap2
TUR	GRC	0.056449	-1.058556	1.145245	0.778344	-1.225042	1.098194	0.64805	0.564808	0.211958	-0.965178	1.284841	-0.692567	-1.844019	1.278001	-1.138827	-1.578248	Nego	Acq1
GBR	TUR	-0.310054	-0.310969	-0.309139	-0.310922	-1.285313	-0.301184	-0.790139	-1.277311	0.455281	0.454221	0.456341	0.456286	0.428521	0.758427	0.745522	0.732672	Acq1	Nego
TUR	FRA	-0.474945	-1.324521	0.535605	-0.879098	-2.085063	0.649334	-1.14564	-1.52591	0.070069	-1.020707	1.129933	0.86546	-1.143681	1.546472	1.220513	1.159026	War1	Acq1
TUR	GRC	-0.455898	-1.31464	0.559095	0.051857	-1.58535	0.891577	0.248984	0.113629	0.135272	-0.980971	1.190325	-0.178006	-1.611162	1.358921	-0.324507	-0.639603	War1	War1
xxx	ROU	0.617031	0.286267	0.922312	0.626905	-0.178177	0.591857	0.064228	-0.167994	0.799042	0.468798	1.094651	0.691626	-0.175162	0.874963	0.149958	-0.172022	Nego	Acq1
GBR	RUS	0.02663	-1.190834	1.229007	-0.269146	-1.809947	1.218864	-0.588845	-0.898402	0.424942	-0.968822	1.544067	-0.040142	-1.599256	1.534225	-0.365201	-0.680417	SQ	Nego
DEU	FRA	0.481327	-0.872799	1.545247	0.134731	-1.456128	1.344692	-0.357489	-0.649153	-0.003543	-1.15816	1.15289	-0.349413	-1.808212	0.984451	-0.842878	-1.167904	SQ	Acq1
GRC	TUR	-0.776601	-1.497498	0.17666	-0.23356	-1.742528	0.762971	0.230235	0.107719	-0.133321	-1.174445	0.965918	0.066233	-1.594787	1.416081	0.306225	0.096054	War1	War1
GBR	GRC	0.011858	-1.106379	1.124454	0.649201	-1.319417	1.115123	0.53335	0.426831	0.10479	-1.05306	1.210959	-0.630504	-1.86642	1.208746	-1.039397	-1.446077	Nego	Cap2
DEU	GRC	0.493341	-0.865011	1.553284	0.869957	-1.147577	1.199345	0.374735	0.233452	0.10479	-1.098724	1.252279	-0.735611	-1.944274	1.176082	-1.234582	-1.657357	Nego	Cap2
xxx	GRC	0.630249	-0.797882	1.651209	0.909746	-1.100632	1.211768	0.31893	0.167555	0.10479	-1.117901	1.26957	-0.769877	-1.97213	1.177698	-1.288864	-1.715978	Nego	Cap2
ITA	GRC	0.566149	-0.763554	1.57156	1.065494	-0.980273	1.128107	0.513681	0.405322	0.10479	-1.055873	1.213509	-0.807433	-1.946398	1.151531	-1.314675	-1.759937	Nego	Cap2
RUS	GRC	0.426334	-0.854519	1.473215	1.114805	-1.008493	1.112526	0.677128	0.600141	0.10479	-1.05306	1.210959	-0.857465	-1.966668	1.174127	-1.351101	-1.807905	Nego	Cap2
DEU	GBR	0.631383	-0.422009	1.45142	0.106411	-1.139949	1.273331	-0.430647	-0.789617	0.258359	-0.711078	1.142673	-0.033643	-1.345638	0.911941	-0.581656	-0.898936	SQ	Acq1
DEU	FRA	0.631383	-0.772441	1.639973	0.324901	-1.317568	1.352773	-0.234862	-0.507425	-0.125563	-1.222624	1.03265	-0.526672	-1.914035	0.837812	-1.067215	-1.412921	SQ	Acq1
DEU	FRA	0.631383	-0.772441	1.639973	0.324901	-1.317568	1.352773	-0.234862	-0.507425	-0.125563	-1.222624	1.03265	-0.526672	-1.914035	0.837812	-1.067215	-1.412921	SQ	Cap2
RUS	TUR	0.283382	-1.03021	1.426971	1.052092	-1.182775	1.186823	0.735662	0.65938	-0.265147	-1.318938	0.916605	-0.97894	-2.166851	0.873506	-1.445995	-1.869951	Nego	Acq1
FRA	GBR	-0.101386	-1.207796	1.054703	-0.469134	-1.881315	1.087803	-0.772792	-1.109552	0.178014	-1.054651	1.313387	0.458464	-1.415677	1.378171	0.342734	0.162221	Nego	Nego
FRA	ITA	-0.101386	-1.22606	1.074785	-0.502393	-1.911538	1.106673	-0.813244	-1.155983	0.774944	-0.693925	1.728833	0.209868	-1.320882	1.766654	-0.065789	-0.379268	SQ	Nego
DEU	GBR	0.595689	-0.451356	1.424622	0.119065	-1.14729	1.243494	-0.410031	-0.757998	0.178014	-0.768881	1.067972	-0.056605	-1.381112	0.836982	-0.593711	-0.899826	SQ	Cap2
GRC	TUR	-0.792656	-1.50492	0.153898	-0.208241	-1.723231	0.773508	0.302214	0.193059	-0.230028	-1.226623	0.862399	0.0177	-1.630974	1.334543	0.287669	0.085493	War1	Acq1
GBR	PRT	0.172686	-0.167175	0.505382	0.406148	-0.314724	0.358175	0.185167	0.111393	-0.087085	-0.404653	0.233694	-0.313517	-1.261885	0.20904	-0.766788	-1.195404	Nego	Acq1
ITA	TUR	0.698287	-0.871828	1.739841	0.714859	-1.26429	1.315605	0.094392	-0.101839	-0.225218	-1.364245	1.040424	-0.851411	-2.150979	0.891503	-1.393699	-1.787066	Nego	Acq1
ITA	GBR	0.763761	-0.131226	1.448723	0.301266	-0.857488	1.239652	-0.270935	-0.634066	0.157922	-0.639364	0.919311	0.026506	-1.212161	0.59303	-0.586173	-0.872572	SQ	Acq1
FRA	GBR	0.144826	-1.150264	1.351109	-0.382048	-1.843146	1.30663	-0.772967	-1.119408	0.147269	-1.148974	1.35313	0.190605	-1.613593	1.275593	-0.119241	-0.351551	Nego	War1
GBR	TUR	-0.05251	-1.21327	1.136127	0.753417	-1.376167	1.180083	0.715924	0.634475	-0.308055	-1.339443	0.868886	-0.715757	-2.057019	0.883716	-1.059714	-1.418502	Nego	Acq1
GBR	GRC	0.012811	-1.136907	1.156068	0.825128	-1.281235	1.145105	0.742001	0.669837	0.07304	-1.103542	1.211905	-0.798357	-1.971738	1.210217	-1.234143	-1.668241	Nego	Acq1
FRA	GBR	0.224996	-1.090439	1.402316	-0.402052	-1.814284	1.340183	-0.826108	-1.18803	0.012811	-1.203252	1.221588	0.259786	-1.599898	1.085835	-0.074289	-0.272612	Nego	War1
FRA	GRC	0.224996	-0.950912	1.290912	0.803667	-1.168255	1.114817	0.518901	0.41023	0.07304	-1.043068	1.155381	-0.70109	-1.887514	1.120382	-1.158312	-1.580535	Nego	Acq1
DEU	GRC	0.150222	-1.044318	1.267032	0.92733	-1.19129	1.138888	0.725701	0.652215	0.07304	-1.088693	1.19805	-0.825392	-1.973551	1.180753	-1.285118	-1.727546	Nego	Acq1
xxx	GRC	0.511026	-0.840256	1.557409	1.125188	-1.020524	1.138504	0.616149	0.526015	0.07304	-1.105696	1.213914	-0.884067	-2.01015	1.165088	-1.385121	-1.837348	Nego	Acq1
ITA	GRC	0.526423	-0.830045	1.567539	1.092316	-1.028254	1.145458	0.571131	0.472026	0.07304	-1.105696	1.213914	-0.863555	-2.001307	1.158961	-1.366313	-1.814119	Nego	Acq1
GRC	TUR	-0.767789	-1.493411	0.189092	-0.152706	-1.69656	0.800905	0.357534	0.25596	-0.147542	-1.18221	0.951027	-0.058975	-1.65567	1.355298	0.108566	-0.128164	War1	War1
RUS	GRC	0.19971	-0.966581	1.26923	0.833493	-1.16147	1.108441	0.575259	0.477814	0.07304	-1.043068	1.155381	-0.730736	-1.900999	1.127008	-1.188074	-1.61704	Nego	Acq1
GBR	PRT	-0.043673	-0.368249	0.282577	0.173279	-0.536187	0.318916	0.125649	0.04168	-0.000033	-0.328685	0.32862	-0.21634	-1.157767	0.336084	-0.623416	-1.037957	Nego	Acq1
GBR	GRC	-0.043673	-1.167603	1.101783	0.786394	-1.306578	1.139387	0.75451	0.685022	0.109999	-1.08273	1.245131	-0.780646	-1.952961	1.250799	-1.210095	-1.64521	Nego	Cap2
GBR	RUS	-0.043673	-1.231887	1.168831	0.024545	-1.70853	1.191687	-0.190919	-0.429241	0.386353	-0.998319	1.521778	-0.235718	-1.695711	1.534994	-0.571198	-0.919894	Nego	Acq1
GBR	TUR	-0.144778	-1.259984	1.044313	0.674066	-1.42066	1.165828	0.715243	0.634904	-0.183285	-1.27908	1.004441	-0.66928	-2.012036	1.043103	-0.997097	-1.363575	Acq2	Cap2
FRA	GRC	0.208139	-0.961373	1.276495	0.795211	-1.176437	1.11312	0.524304	0.416772	0.109999	-1.021085	1.189503	-0.688531	-1.870648	1.158191	-1.144624	-1.569406	Nego	Cap2
FRA	TUR	-0.047474	-1.174667	1.103309	0.73856	-1.334787	1.143182	0.698373	0.618313	-0.183285	-1.245809	0.965042	-0.695121	-1.996725	0.976867	-1.058754	-1.434212	Nego	Cap2
DEU	GRC	0.178168	-1.027957	1.291177	0.940572	-1.179136	1.139944	0.713749	0.638159	0.109999	-1.06759	1.231505	-0.813956	-1.957271	1.21185	-1.278452	-1.723292	Nego	Cap2
DEU	TUR	-0.048788	-1.218747	1.147473	0.793251	-1.368446	1.188957	0.759886	0.685036	-0.183285	-1.285909	1.012563	-0.76742	-2.060329	1.023568	-1.143624	-1.530834	Nego	Cap2
xxx	GRC	0.675789	-0.727162	1.659162	1.152752	-0.939376	1.126785	0.514268	0.408161	0.109999	-1.084926	1.247106	-0.870951	-1.993171	1.185099	-1.387081	-1.841203	Nego	Cap2
xxx	TUR	0.59221	-0.894632	1.663957	0.778332	-1.240771	1.276734	0.218039	0.04497	-0.183285	-1.316028	1.04853	-0.867382	-2.126291	0.936166	-1.384878	-1.790009	Nego	Cap2
ITA	GRC	0.545125	-0.817548	1.579671	1.094831	-1.019799	1.144798	0.558832	0.457707	0.109999	-1.084926	1.247106	-0.851062	-1.984643	1.192439	-1.355587	-1.805445	Nego	Cap2
ITA	TUR	0.283508	-1.077952	1.462206	0.791327	-1.342061	1.253575	0.450641	0.318587	-0.183285	-1.316028	1.04853	-0.773215	-2.086466	0.983448	-1.223517	-1.608736	Nego	Cap2
RUS	GRC	0.386353	-0.847479	1.421151	0.875756	-1.087886	1.12768	0.462081	0.341878	0.109999	-1.021085	1.189503	-0.716853	-1.88346	1.136331	-1.201212	-1.6324	Nego	Cap2
RUS	TUR	0.237551	-1.014625	1.35838	0.749067	-1.271394	1.181825	0.444127	0.315743	-0.183285	-1.245809	0.965042	-0.722004	-2.008885	0.908761	-1.159823	-1.541361	Nego	Cap2
GBR	FRA	0.007107	-1.141642	1.152268	-0.065903	-1.672687	1.148936	-0.334758	-0.600281	0.180394	-1.044105	1.30772	-0.051754	-1.622156	1.304721	-0.343778	-0.632803	SQ	Nego
GBR	TUR	-0.113255	-1.154892	0.977318	0.46207	-1.396541	1.063205	0.427132	0.306307	-0.107692	-1.1518	0.983064	-0.436172	-1.816589	1.021029	-0.730602	-1.062997	Nego	Cap2
GBR	DEU	-0.190466	-1.312167	1.03237	-0.037434	-1.768464	1.135927	-0.162025	-0.390173	0.104141	-1.165599	1.311557	0.110174	-1.650583	1.409649	-0.034225	-0.276717	Nego	Cap2
RUS	TUR	0.328995	-0.879186	1.372243	0.792191	-1.136823	1.12801	0.419139	0.290321	-0.398518	-1.299091	0.648513	-0.719133	-2.001311	0.550545	-1.168211	-1.519321	Nego	Acq1
xxx	ITA	0.612972	0.506578	0.716618	0.607955	-0.010765	0.420763	0.053428	-0.205243	0.676814	0.570624	0.779912	0.659668	-0.003915	0.519117	0.111603	-0.175667	SQ	Acq1
RUS	GBR	0.244824	-1.084012	1.421333	-0.049527	-1.6711	1.320243	-0.444162	-0.737706	-0.063145	-1.245504	1.154308	-0.051699	-1.748046	1.032518	-0.42476	-0.676031	Nego	Cap2
GBR	TUR	-0.134718	-1.175209	0.964461	0.352192	-1.46136	1.060629	0.305285	0.16221	-0.293127	-1.2599	0.791999	-0.257455	-1.771355	0.857814	-0.447367	-0.703094	Nego	Cap2
FRA	TUR	0.136543	-1.10921	1.304823	0.645883	-1.382172	1.205551	0.41013	0.273649	-0.293127	-1.329418	0.881799	-0.595896	-1.997691	0.836504	-0.975327	-1.309463	Nego	Cap2
xxx	TUR	0.377563	-0.983841	1.502738	0.84671	-1.247669	1.224787	0.436845	0.304932	-0.293127	-1.338715	0.893976	-0.80367	-2.099074	0.803496	-1.274329	-1.654508	Nego	Cap2
ITA	TUR	0.523981	-0.937376	1.624038	0.664587	-1.311954	1.296329	0.149589	-0.0377	-0.293127	-1.366827	0.931053	-0.703435	-2.07813	0.779781	-1.210359	-1.56601	Nego	Cap2
RUS	TUR	0.247533	-0.966725	1.333569	0.994208	-1.114254	1.122554	0.709428	0.635664	-0.445416	-1.34715	0.626007	-0.934121	-2.137826	0.574192	-1.381273	-1.776611	Nego	Cap2
TUR	GBR	-0.438832	-1.349	0.641363	-0.801067	-2.073707	0.76217	-1.042614	-1.404967	-0.046954	-1.144875	1.073004	0.761577	-1.285291	1.450217	1.06858	0.998372	War1	Cap2
FRA	ESP	0.502527	0.242318	0.750033	0.603033	-0.047215	0.393004	0.101237	-0.043529	0.294039	0.039715	0.541461	0.151733	-0.737029	0.429268	-0.348832	-0.737203	Nego	War1
ITA	TUR	0.689738	-0.830976	1.716573	0.753923	-1.208849	1.287468	0.135881	-0.053055	-0.291406	-1.366044	0.932954	-0.855409	-2.143932	0.779755	-1.397552	-1.786496	Nego	Acq1
xxx	xxx	0.0724	-1.127558	1.233379	-0.956484	-2.055098	1.228133	-1.4255	-1.88927	0.605454	-0.804294	1.631503	1.154916	-0.999954	1.573269	0.998852	0.901023	Nego	War1
TUR	BGR	-0.455145	-1.324889	0.575165	0.139681	-1.554085	0.925993	0.375911	0.261314	0.017071	-1.0665	1.093063	-0.24576	-1.686451	1.266041	-0.382758	-0.692733	War1	Cap2
TUR	GRC	-0.448919	-1.303452	0.556996	-0.110984	-1.662495	0.844734	-0.002767	-0.182289	0.023949	-1.038325	1.076053	0.029078	-1.533494	1.302681	0.008122	-0.239463	War1	Acq1
TUR	ITA	-0.462603	-1.368426	0.623637	-1.002787	-2.184878	0.708547	-1.326103	-1.734329	0.70104	-0.68541	1.662902	1.110567	-0.920615	2.016698	1.346761	1.229159	War1	Cap2
DEU	FRA	0.303691	-0.715085	1.21306	0.061979	-1.312074	1.090669	-0.358906	-0.6574	0.40619	-0.639715	1.300742	-0.064161	-1.343108	1.210665	-0.505934	-0.85763	SQ	Acq1
DEU	NOR	0.303691	-0.93497	1.381322	0.945551	-1.123104	1.134766	0.604928	0.510861	0.003138	-1.112943	1.117727	-0.822527	-1.982751	1.078189	-1.296969	-1.731873	Nego	Acq1
xxx	ITA	0.618816	0.511545	0.723261	0.590442	-0.115799	0.492655	0.046165	-0.267507	0.703324	0.596397	0.806962	0.711507	0.143068	0.468673	0.146554	-0.080111	Nego	Acq1
ITA	GBR	0.703324	-0.780966	1.706522	-0.273729	-1.577051	1.563103	-0.81519	-1.213232	0.023861	-1.185969	1.220338	-0.189875	-1.772018	0.929195	-0.774042	-1.067066	SQ	Cap2
ITA	FRA	0.703324	-0.148902	1.379421	0.332272	-0.834064	1.157988	-0.231742	-0.574323	0.40619	-0.407909	1.126992	0.043188	-1.114015	0.92029	-0.516567	-0.869621	SQ	Acq1
ITA	TUR	0.581735	-0.901286	1.657997	0.79505	-1.238469	1.272413	0.240874	0.072283	-0.276128	-1.359077	0.949751	-0.856413	-2.141363	0.823099	-1.374208	-1.765351	Nego	War1
xxx	xxx	0.641801	-0.779445	1.652881	1.171687	-0.977278	1.138049	0.557939	0.459023	0.006298	-1.163302	1.172593	-0.983425	-2.086297	1.123171	-1.494345	-1.955842	Nego	Acq1
xxx	RUS	0.641801	-0.498191	1.507645	-0.012507	-1.256056	1.352243	-0.546842	-0.925775	0.483964	-0.620798	1.390634	0.003317	-1.310514	1.191493	-0.540682	-0.88554	SQ	Acq1
ITA	FRA	0.670288	-0.17893	1.35305	0.326917	-0.848738	1.131727	-0.229311	-0.564215	0.403519	-0.410134	1.12457	0.031664	-1.122262	0.931613	-0.517357	-0.873421	SQ	Cap2
BGR	TUR	-0.113267	-1.160033	0.982966	-0.213874	-1.718521	1.032975	-0.443109	-0.722353	-0.43556	-1.330153	0.62077	0.181001	-1.555569	0.708505	0.156028	0.04332	Nego	War1
RUS	BGR	0.483964	-0.91729	1.573985	1.33178	-1.014511	1.137073	0.846257	0.797647	-0.113267	-1.250181	1.082944	-1.127732	-2.197698	1.057544	-1.62689	-2.100649	Nego	Acq1
xxx	xxx	0.646845	-0.835647	1.683392	0.641261	-1.249349	1.304148	0.055166	-0.151685	0.180864	-1.114904	1.367192	-0.876268	-2.018761	1.305002	-1.390386	-1.842314	SQ	Acq1
BGR	xxx	-0.199197	-0.200146	-0.198248	-0.198499	-0.332401	-0.025396	-0.091774	-0.157901	0.180864	0.17983	0.181898	0.180104	-0.687909	0.208244	-0.22742	-0.661289	Acq2	War1
GBR	NLD	0.053216	-1.090562	1.170893	0.623576	-1.332581	1.130556	0.462229	0.34122	-0.061915	-1.154826	1.05997	-0.613345	-1.910343	1.04696	-1.004114	-1.381872	Nego	Cap2
CHE	DEU	0.017452	-1.115261	1.141654	-0.868765	-2.006043	1.139748	-1.316062	-1.761453	0.270874	-0.967157	1.364046	1.009276	-1.11934	1.34925	0.918389	0.842297	Nego	Acq1
CHE	xxx	0.017452	-1.115261	1.141654	-0.859873	-2.002103	1.13968	-1.305269	-1.74869	0.587512	-0.760935	1.59185	1.095884	-0.971735	1.578077	0.976711	0.871311	Nego	Acq1
PRT	DEU	0.195368	-1.075153	1.352981	-0.463165	-1.823112	1.303741	-0.886385	-1.260365	0.270874	-1.032038	1.413276	0.294996	-1.489354	1.307253	-0.039685	-0.268343	Nego	War1
DEU	NLD	0.270874	-0.967157	1.364046	0.917077	-1.15889	1.145108	0.602272	0.506406	-0.061915	-1.159117	1.064507	-0.827798	-2.010117	1.024147	-1.293658	-1.719159	Nego	Cap2
DEU	SWE	0.270874	-0.967157	1.364046	0.907115	-1.163164	1.146265	0.591331	0.493327	-0.092998	-1.175996	1.033308	-0.824324	-2.016818	0.990191	-1.287853	-1.708264	Nego	Cap1
DEU	NOR	0.270874	-0.967157	1.364046	0.973699	-1.134602	1.138528	0.66446	0.580738	0.030823	-1.107762	1.154297	-0.836033	-1.987637	1.121758	-1.308509	-1.748447	Nego	Nego
xxx	xxx	0.587512	-0.836063	1.630692	1.156434	-1.028323	1.156135	0.585747	0.489617	-0.014281	-1.188856	1.167929	-0.973302	-2.097395	1.114195	-1.481306	-1.935575	Nego	War1
ITA	xxx	0.728498	0.476086	0.962497	0.794729	0.131176	0.485265	0.145042	-0.027413	0.587512	0.335006	0.825749	0.445589	-0.439655	0.66159	-0.1059	-0.493231	Acq2	Cap2
ITA	ALB	0.728498	-0.655213	1.674048	1.486715	-0.735638	1.004139	0.776594	0.736381	0.122767	-1.052071	1.235613	-0.969475	-2.015967	1.209311	-1.477725	-1.959673	Nego	Cap2
GRC	BGR	-0.079647	-1.175897	1.05444	-0.898681	-2.051604	1.06434	-1.326635	-1.764488	0.026024	-1.118016	1.157149	0.891622	-1.234723	1.227501	0.903621	0.845268	Acq1	Acq1
GRC	TUR	-0.828427	-1.559026	0.174258	-0.851968	-2.151097	0.512198	-0.810063	-1.106099	0.22149	-1.043844	1.361055	0.784699	-1.283504	1.990942	1.294756	1.174927	War1	Acq2
BGR	xxx	0.026024	-1.118016	1.157149	0.911793	-1.225857	1.133932	0.834656	0.780735	-0.014281	-1.140324	1.118735	-0.899938	-2.033914	1.115966	-1.349503	-1.796298	Nego	Cap2
ROU	DEU	0.708003	0.565802	0.844394	0.693081	0.022669	0.52093	0.098052	-0.173515	0.270874	0.131555	0.40827	0.265062	-0.385974	0.066679	-0.335293	-0.594058	SQ	Cap2
ROU	TUR	0.708003	-0.303605	1.476985	1.039319	-0.549403	0.943008	0.382443	0.259544	0.026637	-0.83287	0.878868	-0.642342	-1.721563	0.800062	-1.165494	-1.60984	Nego	Cap2
RUS	NLD	0.474885	-0.824002	1.508907	1.22263	-0.946714	1.092296	0.744663	0.683306	-0.061915	-1.148849	1.053653	-0.982613	-2.073373	1.01781	-1.480718	-1.94298	Nego	Cap2
NOR	GBR	0.030823	-1.103248	1.14991	-0.731018	-1.938044	1.144818	-1.153508	-1.570907	0.053216	-1.090562	1.170893	0.76319	-1.270845	1.145626	0.647782	0.557641	Nego	Cap1
DNK	DEU	0.013964	-1.117212	1.138339	-0.864928	-2.005362	1.136778	-1.310565	-1.75464	0.270874	-0.967157	1.364046	1.000941	-1.122916	1.352257	0.911273	0.833394	Nego	Acq1
GBR	SWE	0.308034	-0.959089	1.404492	1.060754	-1.10452	1.141256	0.724802	0.652086	-0.135367	-1.210468	1.003114	-0.955789	-2.095415	0.967673	-1.433702	-1.876176	Nego	Cap2
DEU	ESP	0.195919	-1.155113	1.418479	-0.009232	-1.709867	1.331246	-0.373841	-0.651218	0.327137	-1.084908	1.515673	-0.298422	-1.782481	1.456421	-0.706459	-1.055246	SQ	Cap2
DEU	NOR	0.195919	-1.030531	1.31706	1.103553	-1.121478	1.138959	0.879979	0.834505	-0.019108	-1.151851	1.123105	-0.986093	-2.078989	1.10883	-1.463937	-1.927506	Nego	Cap2
DEU	DNK	0.195919	-1.030531	1.31706	1.118232	-1.115225	1.137734	0.896559	0.854212	-0.046308	-1.166587	1.096665	-1.009524	-2.09719	1.083069	-1.488422	-1.953723	Nego	Cap2
xxx	ALB	-0.098585	-1.129328	0.973509	-0.692431	-1.921562	0.993992	-1.068066	-1.464183	0.074367	-1.028558	1.14377	0.703766	-1.231107	1.222386	0.681107	0.579832	Nego	War1
BGR	GRC	0.484662	-0.872078	1.548333	1.046059	-1.079594	1.164246	0.558214	0.454456	-0.134206	-1.228142	1.02498	-0.91089	-2.087337	0.956737	-1.40873	-1.838328	Nego	War1
BGR	TUR	0.484662	0.314002	0.649991	0.636238	0.273067	0.185169	0.150948	0.130481	-0.071586	-0.227002	0.084456	-0.215919	-1.191418	0.06721	-0.715373	-1.197582	Acq1	Acq1
SWE	GBR	-0.135367	-1.210468	1.003114	-1.050263	-2.138094	1.01291	-1.504279	-1.968093	0.308034	-0.959089	1.404492	1.191942	-1.049016	1.527686	1.270172	1.225208	Acq1	Acq1
SWE	FRA	-0.135367	-1.181267	0.970195	-1.087015	-2.137459	0.976126	-1.559181	-2.037277	0.519283	-0.783462	1.533327	1.371252	-0.853418	1.659224	1.462171	1.427193	Acq1	Acq1
SWE	DEU	-0.135367	-1.213962	1.007063	-1.031177	-2.131664	1.018203	-1.478888	-1.937739	0.195919	-1.030531	1.31706	1.108443	-1.119395	1.440398	1.187348	1.142916	Acq1	Acq1
SWE	xxx	-0.135367	-1.198745	0.989881	-1.074463	-2.14196	0.997568	-1.538383	-2.009991	0.488374	-0.828447	1.526397	1.314883	-0.918268	1.649605	1.39318	1.34827	Acq1	Acq1
SWE	RUS	-0.135367	-1.20364	0.995403	-1.066162	-2.141123	1.003866	-1.526441	-1.995182	0.604571	-0.756074	1.606219	1.33135	-0.872431	1.725835	1.392788	1.33461	Acq1	Acq1
GBR	NLD	0.365798	-0.927838	1.45168	1.129724	-1.063141	1.135375	0.745768	0.678117	-0.09453	-1.192402	1.048726	-0.987112	-2.100801	1.015219	-1.474819	-1.929018	Nego	Acq1
GBR	GRC	0.365798	-1.004824	1.503698	1.181452	-1.133284	1.18489	0.798415	0.734185	-0.044057	-1.227593	1.163778	-1.035804	-2.147393	1.134441	-1.525041	-1.984941	Nego	War1
FRA	GRC	0.635663	-0.771011	1.643236	1.358202	-0.889075	1.082622	0.738556	0.679524	-0.044057	-1.180944	1.115095	-1.071286	-2.133184	1.084736	-1.577765	-2.053885	Nego	War1
FRA	GRC	0.635663	-0.771011	1.643236	1.358202	-0.889075	1.082622	0.738556	0.679524	-0.044057	-1.180944	1.115095	-1.071286	-2.133184	1.084736	-1.577765	-2.053885	Nego	Cap2
DEU	USA	0.093808	-1.071989	1.212479	-0.392277	-1.774453	1.184568	-0.77142	-1.122652	-0.035725	-1.144767	1.090364	0.364313	-1.469603	1.027028	0.138559	-0.02386	Nego	War1
DEU	USA	0.093808	-1.071989	1.212479	-0.392277	-1.774453	1.184568	-0.77142	-1.122652	-0.035725	-1.144767	1.090364	0.364313	-1.469603	1.027028	0.138559	-0.02386	Nego	Acq1
DEU	PRT	0.093808	-1.131279	1.266605	0.173352	-1.587203	1.215567	-0.105649	-0.333611	0.249229	-1.044524	1.396331	-0.271966	-1.728013	1.36664	-0.643401	-0.985145	Nego	Cap1
ALB	DEU	0.117123	-1.058555	1.233445	-0.968332	-2.01919	1.228835	-1.45326	-1.933578	0.093808	-1.071989	1.212479	1.098757	-1.12177	1.101187	0.962575	0.937684	Nego	Cap2
ALB	xxx	0.117123	-1.040966	1.217685	-0.975239	-2.011866	1.214277	-1.464097	-1.949546	0.364917	-0.888799	1.423676	1.315917	-0.935398	1.312012	1.180952	1.157652	Nego	Cap2
ALB	BGR	0.117123	-1.040966	1.217685	-0.669849	-1.876657	1.198441	-1.106938	-1.524784	0.365831	-0.888211	1.424374	0.83581	-1.142716	1.33706	0.621244	0.493991	Nego	Cap2
ALB	TUR	0.117123	-1.022703	1.201286	-0.458714	-1.769109	1.171584	-0.861619	-1.234822	-0.008688	-1.096273	1.082826	0.479384	-1.373196	0.998137	0.256234	0.117773	Nego	Cap2
ROU	DEU	0.759163	0.053515	1.329652	0.493515	-0.601695	1.0679	-0.095843	-0.423447	0.093808	-0.535034	0.709271	-0.052557	-1.147286	0.414906	-0.653047	-0.959173	SQ	Cap2
USA	SWE	0.010246	-1.041484	1.057693	0.923199	-1.105554	1.048103	0.881574	0.849539	-0.088366	-1.099753	0.958437	-0.945977	-2.025038	0.957672	-1.409385	-1.872028	Nego	Cap2
GBR	NLD	0.132776	-1.058732	1.255504	0.766085	-1.270214	1.150808	0.555648	0.449907	-0.071878	-1.172839	1.06342	-0.730841	-1.975188	1.037176	-1.158258	-1.559433	Nego	Acq1
GBR	SWE	0.132776	-1.058732	1.255504	0.755816	-1.274652	1.151398	0.543749	0.435789	-0.088366	-1.181708	1.046892	-0.722848	-1.975812	1.019554	-1.147238	-1.54429	Nego	Cap2
USA	RUS	-0.033746	-1.055996	1.002023	0.538018	-1.281458	1.028161	0.451424	0.338693	0.617905	-0.62054	1.548351	-0.437587	-1.536186	1.551198	-0.892563	-1.350387	Nego	War1
GBR	RUS	0.303063	-0.914177	1.365053	0.449435	-1.3159	1.183737	0.067258	-0.133603	0.617905	-0.701447	1.591276	-0.393561	-1.567159	1.550578	-0.867114	-1.29997	Nego	War1
GBR	RUS	0.303063	-0.914177	1.365053	0.449435	-1.3159	1.183737	0.067258	-0.133603	0.617905	-0.701447	1.591276	-0.393561	-1.567159	1.550578	-0.867114	-1.29997	Nego	War1
GBR	RUS	0.303063	-0.914177	1.365053	0.449435	-1.3159	1.183737	0.067258	-0.133603	0.617905	-0.701447	1.591276	-0.393561	-1.567159	1.550578	-0.867114	-1.29997	Nego	Cap1
FRA	ALB	0.520906	-0.746956	1.513675	1.12386	-0.919392	1.082592	0.606559	0.520341	0.238011	-0.934694	1.295446	-0.749436	-1.851624	1.252174	-1.251173	-1.709638	Nego	Cap2
FRA	RUS	0.520906	-0.743147	1.51142	0.518707	-1.183459	1.219875	0.007006	-0.21315	0.617905	-0.673502	1.57667	-0.436834	-1.568325	1.521882	-0.939033	-1.386444	SQ	War1
FRA	RUS	0.520906	-0.743147	1.51142	0.518707	-1.183459	1.219875	0.007006	-0.21315	0.617905	-0.673502	1.57667	-0.436834	-1.568325	1.521882	-0.939033	-1.386444	SQ	War1
DEU	RUS	-0.027726	-1.091689	1.048301	0.488288	-1.353378	1.068771	0.377913	0.247069	0.617905	-0.673502	1.57667	-0.405507	-1.554402	1.579972	-0.842655	-1.283105	Nego	Cap2
ITA	ALB	0.491467	-0.767482	1.492945	1.142135	-0.922678	1.077752	0.649344	0.571746	0.238011	-0.934694	1.295446	-0.766972	-1.859487	1.258484	-1.26633	-1.728727	Nego	Cap2
ITA	RUS	0.491467	-0.763721	1.490641	0.517859	-1.195232	1.211247	0.02271	-0.193046	0.617905	-0.673502	1.57667	-0.438399	-1.56902	1.52532	-0.937507	-1.385266	Nego	War1
xxx	ALB	0.094681	-0.996226	1.144173	-0.441637	-1.737121	1.119641	-0.836617	-1.207065	0.238011	-0.906312	1.272606	0.530931	-1.246699	1.210153	0.298285	0.128091	Nego	Cap2
xxx	RUS	0.094681	-0.994187	1.142295	-0.848081	-1.925801	1.13582	-1.320363	-1.786169	0.617905	-0.641374	1.559591	1.109431	-0.845902	1.484275	0.931851	0.829586	Nego	War1
ROU	xxx	0.587274	-0.745497	1.583424	1.115776	-0.946298	1.114074	0.546026	0.445626	0.094681	-1.059109	1.201939	-0.876305	-1.97826	1.154458	-1.383361	-1.842936	Nego	War1
ROU	RUS	0.587274	-0.695814	1.556597	0.410359	-1.204708	1.268183	-0.132502	-0.386949	0.617905	-0.673502	1.57667	-0.402493	-1.553063	1.505939	-0.913004	-1.352784	SQ	War1
RUS	GBR	0.617905	-0.701447	1.591276	-0.471202	-1.601023	1.529224	-0.983042	-1.43283	0.303063	-0.914177	1.365053	0.668564	-1.219758	0.935967	0.086689	-0.066102	Nego	War1
RUS	EST	0.617905	-0.62054	1.548351	1.341713	-0.715814	0.989316	0.735041	0.687404	0.18965	-0.917709	1.214039	-0.876908	-1.898569	1.202213	-1.379164	-1.869594	Nego	War1
RUS	LTU	0.617905	-0.62054	1.548351	1.282519	-0.743106	1.00618	0.679064	0.617781	0.205757	-0.907351	1.228325	-0.855225	-1.882943	1.213243	-1.358102	-1.845899	Nego	War1
SWE	DEU	0.053892	-1.046965	1.130365	-0.73566	-1.90399	1.122659	-1.171878	-1.60039	-0.027726	-1.09462	1.051302	0.73516	-1.241942	1.00535	0.615546	0.541885	Nego	Nego
TUR	RUS	-0.075149	-1.107961	0.988985	0.178879	-1.494288	1.035102	0.031832	-0.161331	0.617905	-0.658326	1.568641	-0.132847	-1.422364	1.586373	-0.497134	-0.879153	Nego	Cap2
GBR	HUN	-0.095027	-1.121723	0.971125	0.637487	-1.281141	1.051003	0.637656	0.557947	0.393348	-0.819739	1.410676	-0.569837	-1.707696	1.421324	-1.003168	-1.447147	Acq2	War1
FRA	HUN	0.157101	-0.939905	1.186012	0.871581	-1.087809	1.052146	0.663765	0.589813	0.393348	-0.783942	1.385934	-0.675682	-1.73405	1.378096	-1.158574	-1.633627	Nego	War1
FRA	TUR	-0.377195	-1.323328	0.721994	0.614343	-1.375961	1.079337	0.945369	0.919053	0.276235	-0.963877	1.368362	-0.808256	-1.897151	1.393531	-1.249724	-1.716361	Acq2	War1
ESP	DEU	0.090663	-0.981569	1.124577	-0.808628	-1.899456	1.117133	-1.275016	-1.73396	0.17184	-0.93054	1.19933	0.905868	-1.068324	1.121159	0.758805	0.689914	Nego	Cap2
DEU	LVA	0.17184	-0.93054	1.19933	1.094298	-0.979854	1.035964	0.906275	0.881618	0.613213	-0.625825	1.546151	-0.605003	-1.616238	1.544504	-1.101856	-1.597063	Nego	War1
POL	LTU	0.245535	-0.883019	1.264231	0.890267	-1.057178	1.061458	0.600415	0.513335	0.561863	-0.664034	1.510952	-0.58587	-1.628097	1.502128	-1.076725	-1.558756	Nego	War1
xxx	POL	0.300494	-0.846791	1.3108	-0.327042	-1.605898	1.238413	-0.778982	-1.158536	0.245535	-0.883019	1.264231	0.167359	-1.393845	1.117237	-0.235048	-0.490461	SQ	War1
ITA	HUN	0.154603	-0.941488	1.183743	0.816095	-1.11448	1.055885	0.601741	0.515245	0.393348	-0.783942	1.385934	-0.654137	-1.724121	1.376686	-1.133475	-1.603564	Nego	War1
ITA	TUR	-0.36315	-1.316322	0.738492	0.613837	-1.376987	1.079612	0.924625	0.894293	0.276235	-0.963877	1.368362	-0.790334	-1.889467	1.395384	-1.226106	-1.688901	Acq2	War1
xxx	AUT	0.350043	-0.813518	1.351447	-0.172709	-1.517528	1.247838	-0.628323	-0.980328	0.323536	-0.831392	1.32986	-0.062814	-1.475775	1.205379	-0.509487	-0.831679	SQ	War1
GRC	TUR	-0.8086	-1.526687	0.157807	0.060246	-1.584604	0.919575	0.793056	0.764097	0.276235	-0.963877	1.368362	-0.634076	-1.822468	1.482706	-0.949028	-1.378323	Acq2	War1
RUS	POL	-0.155554	-1.127564	0.875472	0.482518	-1.323743	1.00051	0.509466	0.411377	0.245535	-0.881526	1.263029	-0.518567	-1.712279	1.289356	-0.907616	-1.322993	Acq2	War1
RUS	LVA	-0.155554	-1.127564	0.875472	0.828545	-1.150992	1.027382	0.968741	0.957027	0.613213	-0.624077	1.545198	-0.603928	-1.614789	1.546643	-1.097838	-1.593194	Acq2	War1
FIN	RUS	0.412816	-0.768881	1.400026	-0.737828	-1.754564	1.394115	-1.23658	-1.729421	-0.155554	-1.127564	0.875472	0.827195	-1.151666	0.472606	0.412278	0.400227	Nego	War1
GBR	RUS	-0.019826	-1.073566	1.042337	0.018593	-1.557399	1.052571	-0.213091	-0.455007	-0.061908	-1.098101	1.000117	0.00828	-1.570806	1.010571	-0.217619	-0.453971	Nego	War1
GBR	RUS	-0.019826	-1.073566	1.042337	0.018593	-1.557399	1.052571	-0.213091	-0.455007	-0.061908	-1.098101	1.000117	0.00828	-1.570806	1.010571	-0.217619	-0.453971	Nego	Acq1
GBR	TUR	-0.223766	-1.245291	0.895923	0.795715	-1.292091	1.109217	0.98561	0.96221	0.2873	-0.957088	1.377218	-0.858979	-1.915059	1.386622	-1.32856	-1.807546	Acq2	Cap2
FRA	TUR	-0.11948	-1.190249	1.006286	0.796069	-1.285953	1.114332	0.856263	0.808411	0.2873	-0.957088	1.377218	-0.790939	-1.885911	1.385722	-1.246846	-1.711257	Acq2	Cap2
DEU	FRA	0.168176	-0.948543	1.20956	-0.020056	-1.51831	1.137205	-0.377294	-0.662178	0.242302	-0.901362	1.274523	-0.124837	-1.544484	1.214505	-0.506417	-0.827978	SQ	Cap1
POL	LTU	0.181798	-0.922739	1.207027	0.975587	-1.031408	1.044985	0.75921	0.704875	0.416881	-0.766056	1.403176	-0.696051	-1.733784	1.397309	-1.185782	-1.669646	Nego	War1
ITA	ALB	0.144907	-0.946197	1.173651	1.133002	-0.965372	1.031523	0.981286	0.971699	0.506985	-0.702297	1.470809	-0.691892	-1.697509	1.470115	-1.190192	-1.687798	Nego	Cap2
ITA	TUR	-0.397063	-1.333193	0.698458	0.569965	-1.396439	1.070408	0.910293	0.87867	0.2873	-0.957088	1.377218	-0.767439	-1.875844	1.409477	-1.194558	-1.653936	Acq2	Cap2
GBR	DEU	-0.042607	-1.108664	1.042185	0.446535	-1.385601	1.072993	0.338874	0.200406	0.107277	-1.021053	1.185508	-0.465898	-1.76946	1.196227	-0.829382	-1.203585	Nego	Cap2
BEL	DEU	0.431156	-0.775392	1.427028	0.123097	-1.367437	1.251135	-0.348818	-0.64484	0.107277	-0.986441	1.154025	-0.170399	-1.605196	0.989649	-0.644153	-0.95353	SQ	Cap2
FRA	DEU	0.245688	-0.946789	1.315383	0.374867	-1.362547	1.171842	0.023447	-0.184433	0.107277	-1.030933	1.194474	-0.438386	-1.764668	1.129056	-0.870671	-1.237539	Nego	Cap2
POL	DEU	0.409891	-0.80556	1.42131	0.064907	-1.414668	1.261087	-0.39987	-0.704424	0.107277	-0.999925	1.166303	-0.123429	-1.595306	1.000454	-0.586969	-0.88466	SQ	War1
POL	LTU	0.409891	-0.80556	1.42131	1.205898	-0.902294	1.051069	0.78729	0.738923	0.340354	-0.852113	1.367003	-0.742231	-1.802597	1.346706	-1.237769	-1.713011	Nego	War1
HUN	AUT	0.275269	-0.87945	1.30207	-0.155248	-1.547479	1.210688	-0.580643	-0.914658	0.356743	-0.825517	1.36876	0.233267	-1.342996	1.235937	-0.158295	-0.417035	SQ	War1
xxx	ALB	0.509731	-0.736475	1.494844	0.485388	-1.188878	1.215717	-0.019941	-0.246143	0.423785	-0.796109	1.431857	-0.221052	-1.538001	1.300291	-0.723564	-1.094509	SQ	War1
RUS	EST	-0.020966	-1.047121	1.013613	0.989683	-1.058734	1.034335	1.004599	0.998793	0.387318	-0.785016	1.379038	-0.773478	-1.779685	1.37915	-1.270701	-1.768035	Acq2	Acq1
RUS	LVA	-0.020966	-1.047121	1.013613	0.980119	-1.063374	1.034238	0.992618	0.984492	0.456003	-0.737123	1.432059	-0.723025	-1.730624	1.432195	-1.21964	-1.71639	Acq2	Acq1
RUS	TUR	-0.020966	-1.047121	1.013613	0.923715	-1.090745	1.033664	0.921954	0.900142	-0.089455	-1.087865	0.943844	-0.978606	-2.034088	0.944972	-1.45059	-1.923702	Nego	Nego
GBR	GRC	-0.057406	-1.114129	1.024251	0.871947	-1.185353	1.077568	0.889653	0.854041	0.177657	-0.975065	1.245728	-0.840898	-1.914651	1.249197	-1.307223	-1.777016	Acq2	Acq1
GBR	TUR	-0.305096	-1.380555	0.928906	0.872331	-1.405053	1.226528	1.157704	1.145455	0.278002	-1.092602	1.466608	-1.022764	-2.065313	1.474934	-1.500793	-1.987149	Acq2	Cap2
FRA	DEU	0.232435	-0.951144	1.301141	0.436129	-1.335204	1.157975	0.100933	-0.091097	0.08849	-1.038442	1.17392	-0.479961	-1.786006	1.115245	-0.912418	-1.286199	Nego	Cap2
FRA	GRC	0.232435	-0.951144	1.301141	1.024987	-1.073755	1.097205	0.759746	0.698441	0.177657	-0.984873	1.25406	-0.817902	-1.910297	1.236725	-1.297948	-1.76066	Nego	Acq1
FRA	TUR	-0.005816	-1.240041	1.231858	1.098014	-1.294187	1.237358	1.076442	1.049369	0.278002	-1.092602	1.466608	-1.01499	-2.062276	1.466784	-1.499651	-1.984487	Nego	Cap2
xxx	AUT	0.386628	-0.017975	0.768425	0.350532	-0.549374	0.587251	-0.096342	-0.362042	0.390914	-0.013934	0.772667	0.323667	-0.584744	0.60673	-0.127675	-0.41308	SQ	Acq1
ITA	AUT	0.09271	-0.993044	1.13828	0.322162	-1.37596	1.08107	0.073494	-0.117964	0.390914	-0.800273	1.394216	-0.321619	-1.582157	1.373994	-0.732782	-1.123724	Nego	Acq1
ITA	TUR	-0.440102	-1.354386	0.646668	0.516296	-1.419538	1.058097	0.895149	0.862573	0.278002	-0.962795	1.36978	-0.751085	-1.872033	1.409725	-1.165759	-1.620378	Acq2	Cap2
xxx	AUT	0.491604	-0.254857	1.142732	0.437014	-0.759811	0.899365	-0.05883	-0.311307	0.390914	-0.342146	1.050618	0.124682	-1.006965	0.885842	-0.372504	-0.704913	SQ	Acq1
xxx	HUN	0.491604	-0.746328	1.480092	0.290134	-1.280799	1.251236	-0.205958	-0.473193	0.293218	-0.880337	1.326715	-0.213672	-1.578276	1.17822	-0.711136	-1.060106	SQ	Nego
ROU	HUN	0.575692	-0.700562	1.546873	0.401553	-1.210174	1.264561	-0.135565	-0.390371	0.293218	-0.892984	1.336347	-0.259238	-1.608708	1.172691	-0.780755	-1.138617	SQ	Nego
ITA	xxx	0.108133	-0.996976	1.164886	0.144728	-1.468864	1.10778	-0.148322	-0.384267	0.57787	-0.68467	1.540361	-0.17133	-1.453959	1.515413	-0.580922	-0.965566	Nego	Acq1
ITA	GRC	0.108133	-0.968	1.138493	0.596608	-1.225245	1.058176	0.387669	0.259047	0.25457	-0.874216	1.269682	-0.584092	-1.738891	1.255049	-1.031062	-1.463399	Nego	Cap2
xxx	BGR	0.57787	-0.68467	1.540361	0.42549	-1.185729	1.252038	-0.113363	-0.363892	0.404111	-0.806688	1.414996	-0.217724	-1.54159	1.261804	-0.738367	-1.105819	SQ	Acq1
RUS	GBR	-0.085503	-1.12736	0.992838	-0.584118	-1.871138	1.014745	-0.934099	-1.305988	-0.0738	-1.120717	1.004768	0.580278	-1.320432	1.073195	0.548847	0.44899	Nego	Cap2
LTU	FRA	0.359271	-0.870443	1.403915	-0.78751	-1.833978	1.390814	-1.282378	-1.764146	0.267561	-0.929168	1.330474	1.182755	-0.994541	0.99469	0.814284	0.781598	Nego	War1
ITA	TUR	-0.350723	-1.3101	0.752992	0.600588	-1.383972	1.077807	0.888467	0.851531	0.28828	-0.956485	1.377999	-0.756347	-1.870754	1.408067	-1.183414	-1.640548	Acq2	Acq1
GBR	TUR	-0.286193	-1.475661	1.089499	1.037273	-1.496021	1.369865	1.307459	1.297279	0.206443	-1.270122	1.520903	-1.198827	-2.244578	1.528214	-1.678744	-2.165972	Acq2	Nego
FRA	ITA	0.296515	-0.010687	0.593606	0.384646	-0.35648	0.399624	0.017767	-0.155129	0.256216	-0.048928	0.552758	0.127164	-0.756263	0.465978	-0.313283	-0.666951	Nego	Acq1
GRC	BGR	0.176689	-0.924659	1.201292	0.34147	-1.3291	1.096063	0.034021	-0.1682	0.311861	-0.836239	1.317992	-0.427433	-1.64647	1.284462	-0.866078	-1.271194	Nego	War1
GRC	TUR	-0.778057	-1.51298	0.201449	0.137602	-1.550221	0.95053	0.868063	0.849442	0.206443	-1.006071	1.310929	-0.771657	-1.9049	1.389646	-1.142355	-1.591769	Acq2	Nego
FRA	ITA	0.353233	-0.065978	0.750157	0.511617	-0.358258	0.500168	0.115487	-0.030653	0.188357	-0.218075	0.583639	-0.033141	-0.987402	0.502158	-0.499286	-0.883949	Nego	Acq1
ITA	xxx	0.188357	-0.505678	0.850097	0.647768	-0.654913	0.68985	0.412904	0.338286	0.639438	-0.115876	1.267275	-0.013621	-1.041947	1.25335	-0.490582	-0.953618	Nego	War1
BGR	ROU	0.332023	-0.888101	1.382568	-0.82327	-1.85955	1.373089	-1.318474	-1.804198	0.816796	-0.541456	1.703503	1.444595	-0.656785	1.409772	1.093199	1.035534	Nego	Nego
ITA	GBR	0.197511	-0.367268	0.739832	-0.12435	-1.14785	0.696495	-0.557979	-0.94827	-0.083597	-0.604153	0.445355	0.197301	-0.840505	0.294525	-0.071704	-0.18988	Nego	Acq1
ITA	FRA	0.197511	-0.166916	0.552524	-0.000442	-0.935523	0.506822	-0.430449	-0.814752	0.361838	-0.013337	0.718639	0.507406	-0.301916	0.578125	0.222603	0.078313	Nego	Acq1
ITA	ESP	0.197511	-0.499814	0.860693	0.708831	-0.611435	0.685228	0.477556	0.421745	-0.058408	-0.703398	0.595627	-0.576016	-1.605339	0.576259	-1.046354	-1.497324	Nego	Acq1
GRC	BGR	0.502417	-0.737769	1.487278	1.137675	-0.894891	1.063802	0.635637	0.557076	0.273429	-0.892308	1.309611	-0.693464	-1.802003	1.26424	-1.193682	-1.64853	Nego	Cap2
BGR	xxx	0.320402	-0.953999	1.415894	-0.793111	-1.886111	1.394143	-1.280919	-1.746975	0.715296	-0.689965	1.677594	1.144066	-0.915314	1.429395	0.783192	0.670517	Nego	Cap2
BGR	GRC	0.439755	-0.452313	1.211639	-0.251975	-1.331914	1.158693	-0.744722	-1.184522	0.45236	-0.441996	1.222595	0.901786	-0.634721	0.867592	0.450421	0.354058	Nego	Cap2
FRA	TUR	0.147397	-0.745223	0.997865	0.805861	-0.855374	0.866704	0.619624	0.564548	0.265783	-0.657981	1.110077	-0.547335	-1.595401	1.100853	-1.02527	-1.49398	Nego	Cap1
xxx	DEU	0.488279	-0.414697	1.255113	-0.310474	-1.352281	1.224637	-0.809742	-1.278534	0.673092	-0.256774	1.405342	1.064603	-0.461777	1.017161	0.573921	0.47142	Nego	Acq1
ITA	DEU	0.275063	-0.155701	0.687569	-0.036146	-1.013926	0.648571	-0.504256	-0.933368	0.673092	0.222324	1.072908	0.872458	-0.013338	0.862666	0.544386	0.426555	Nego	Acq1
ITA	ALB	0.275063	-0.360749	0.871557	0.724468	-0.48011	0.629325	0.422556	0.362875	0.41781	-0.236304	1.00908	-0.129112	-1.150232	0.985405	-0.609751	-1.066715	Nego	Acq1
xxx	DEU	0.54087	-0.522831	1.399774	-0.402179	-1.460077	1.365832	-0.904744	-1.373367	0.673092	-0.415647	1.497976	0.929268	-0.712836	1.117847	0.400545	0.25195	Nego	Acq1
TUR	GBR	-0.01077	-0.98277	0.965076	-0.769448	-1.873253	0.966255	-1.21351	-1.658752	0.416092	-0.694045	1.352562	0.973121	-0.879445	1.361335	0.889194	0.796494	Nego	Cap2
TUR	BGR	-0.004822	-0.59288	0.583846	0.273828	-0.856338	0.587398	0.14565	0.013921	0.28397	-0.35172	0.879105	-0.063721	-1.117731	0.880234	-0.445598	-0.828604	Nego	Acq1
DEU	BEL	0.605581	0.446258	0.7589	0.587214	-0.102889	0.485873	0.039613	-0.234961	0.406398	0.248491	0.56053	0.398319	-0.271352	0.269757	-0.152376	-0.412298	SQ	Nego
DEU	FRA	0.605581	0.260954	0.923202	0.653553	-0.146219	0.564197	0.090962	-0.112625	0.434445	0.094322	0.756228	0.280428	-0.624511	0.585959	-0.249258	-0.608674	Nego	Nego
DEU	ESP	0.605581	-0.361561	1.381491	0.925097	-0.623397	0.934474	0.347162	0.216244	-0.13896	-0.924927	0.680255	-0.659156	-1.759356	0.579989	-1.176637	-1.593852	Nego	War1
ITA	ESP	0.227446	-0.448617	0.86666	0.604485	-0.647947	0.684551	0.322711	0.223046	-0.13896	-0.742383	0.483623	-0.512445	-1.554832	0.440965	-0.961327	-1.367552	Nego	War1
RUS	DEU	0.160934	-0.764572	1.037086	-0.228663	-1.467119	0.989216	-0.627807	-0.979081	0.605581	-0.423719	1.420187	0.342782	-1.008025	1.353287	-0.016271	-0.308424	SQ	Cap2
ITA	GBR	0.204831	-0.573127	0.938807	-0.063185	-1.23585	0.869723	-0.463631	-0.794992	-0.128029	-0.82578	0.593507	0.087122	-1.182569	0.461758	-0.223022	-0.401416	Nego	War1
ITA	FRA	0.204831	-0.628874	0.988049	-0.065256	-1.2803	0.91665	-0.462368	-0.788081	0.277036	-0.572937	1.056864	0.261746	-1.060799	0.951963	-0.087087	-0.331018	SQ	Cap2
ITA	RUS	0.204831	-0.719808	1.067382	-0.232361	-1.447063	1.011515	-0.651856	-1.015483	-0.002173	-0.866534	0.862793	0.29298	-1.196033	0.725454	-0.009108	-0.173858	Nego	Cap2
ITA	DNK	0.204831	-0.995371	1.299997	1.04093	-1.108236	1.118284	0.802786	0.746353	0.173977	-1.013855	1.273559	-0.825317	-1.931431	1.256676	-1.300988	-1.759776	Nego	Cap2
TUR	FRA	0.149305	-0.145025	0.43898	-0.128206	-1.116225	0.43468	-0.618105	-1.103705	0.277036	-0.024516	0.569493	0.547822	-0.060997	0.425635	0.385724	0.367484	Nego	Acq1
DEU	AUT	0.507447	-0.51364	1.350112	1.000379	-0.701291	0.937888	0.494329	0.400504	0.279785	-0.687554	1.155713	-0.546067	-1.610795	1.116762	-1.046638	-1.508259	Nego	Cap2
DEU	xxx	0.507447	-0.397109	1.270188	0.714676	-0.73029	0.931812	0.209711	0.043121	0.474501	-0.424447	1.242165	-0.188151	-1.282665	1.170218	-0.689207	-1.118316	Nego	War1
HUN	xxx	0.360087	-0.884639	1.414899	-0.397142	-1.672641	1.338562	-0.867481	-1.261482	0.474501	-0.809159	1.499369	0.520592	-1.233143	1.291953	0.101184	-0.110808	Nego	War1
xxx	POL	0.474501	-0.368419	1.201317	-0.208746	-1.266699	1.153051	-0.706152	-1.155292	0.59193	-0.267493	1.301391	0.933877	-0.501745	0.938043	0.453403	0.336277	Nego	War1
xxx	HUN	0.603341	-0.411277	1.409669	0.766279	-0.764604	1.019505	0.199451	0.022788	0.360087	-0.604887	1.209512	-0.346955	-1.462729	1.123742	-0.861646	-1.290566	Nego	Acq1
RUS	POL	0.048836	-0.5933	0.683651	0.091968	-1.056656	0.657443	-0.165918	-0.397595	0.59193	-0.129755	1.205611	0.286713	-0.81788	1.190381	-0.07258	-0.416643	Nego	Acq1
LTU	POL	0.119051	-1.07694	1.252568	-1.003164	-2.04527	1.248797	-1.491099	-1.975264	0.59193	-0.782227	1.60735	1.392591	-0.872101	1.498999	1.239303	1.194366	Nego	War1
TUR	FRA	0.08248	-0.186723	0.34953	-0.120387	-1.06302	0.339327	-0.568739	-1.006887	0.428801	0.1433	0.701465	0.614295	-0.012872	0.631865	0.46661	0.388525	Nego	Nego
GBR	USA	0.642322	-1.415431	1.895705	-1.210558	-2.353557	1.855962	-1.719364	-2.188427	-0.771665	-1.791095	0.840299	0.762724	-1.820576	0.216913	0.124597	0.109857	Nego	Cap2
GBR	NLD	0.16449	-1.032859	1.276745	0.778269	-1.248687	1.147757	0.541368	0.433454	0.005015	-1.123985	1.131574	-0.72764	-1.948265	1.10267	-1.168684	-1.580824	Nego	Cap2
GBR	ITA	0.16449	-1.107265	1.339881	-0.094543	-1.693426	1.271809	-0.455696	-0.748776	0.06997	-1.158264	1.25859	-0.013719	-1.684696	1.180693	-0.354832	-0.618048	SQ	War1
CHE	DEU	0.06132	-1.092432	1.184542	-0.917554	-2.01563	1.179832	-1.383862	-1.845461	0.172026	-1.028498	1.283308	1.048449	-1.130089	1.228218	0.942563	0.891768	Nego	Acq1
DEU	USA	0.172026	-1.028498	1.283308	-0.036955	-1.599594	1.209525	-0.396285	-0.681833	-0.398676	-1.335438	0.698555	0.063069	-1.647871	0.580275	-0.211427	-0.367643	Nego	Cap2
DEU	NLD	0.172026	-1.028498	1.283308	0.981833	-1.158905	1.133716	0.767037	0.701833	0.005015	-1.124048	1.131637	-0.892203	-2.021266	1.113956	-1.358493	-1.807101	Nego	War1
DEU	BEL	0.172026	-1.028498	1.283308	0.923344	-1.184205	1.138068	0.70025	0.622397	-0.003641	-1.128858	1.123342	-0.853297	-2.006506	1.102295	-1.313169	-1.751993	Nego	War1
DEU	LUX	0.172026	-1.028498	1.283308	1.033217	-1.136678	1.129892	0.825711	0.771621	0.052304	-1.097535	1.176192	-0.910943	-2.015471	1.162075	-1.384029	-1.842996	Nego	War1
DEU	xxx	0.172026	-1.028498	1.283308	0.896083	-1.195997	1.140096	0.669121	0.585372	0.320722	-0.938567	1.405123	-0.749608	-1.857942	1.391253	-1.223165	-1.682853	Nego	Cap2
DEU	RUS	0.172026	-0.789509	1.07673	-0.045392	-1.390784	1.008139	-0.414621	-0.715258	0.358388	-0.654811	1.245089	0.067667	-1.274539	1.179672	-0.307613	-0.617478	SQ	War1
DEU	EST	0.172026	-0.466149	0.785198	0.678402	-0.551494	0.627854	0.478385	0.435712	0.294146	-0.363055	0.906526	-0.284533	-1.301206	0.895887	-0.764248	-1.233323	Nego	Cap2
DEU	LVA	0.172026	-0.466149	0.785198	0.680335	-0.549949	0.627588	0.480825	0.438925	0.217186	-0.428342	0.830574	-0.347928	-1.364466	0.819586	-0.826979	-1.295041	Nego	Cap2
DEU	LTU	0.172026	-0.646296	0.949255	0.842903	-0.712952	0.788696	0.649015	0.615688	0.163939	-0.652467	0.941307	-0.57295	-1.602575	0.932724	-1.056587	-1.531641	Nego	Cap2
DEU	FIN	0.172026	-1.028498	1.283308	1.015832	-1.144198	1.131186	0.805859	0.748009	0.073023	-1.085787	1.195312	-0.887658	-1.99893	1.18037	-1.359171	-1.815743	Nego	Cap2
DEU	FIN	0.172026	-1.028498	1.283308	1.015832	-1.144198	1.131186	0.805859	0.748009	0.073023	-1.085787	1.195312	-0.887658	-1.99893	1.18037	-1.359171	-1.815743	Nego	War1
DEU	SWE	0.172026	-1.028498	1.283308	0.960804	-1.168001	1.13528	0.743025	0.673273	0.00222	-1.125603	1.128963	-0.875637	-2.014732	1.10989	-1.339274	-1.783839	Nego	Cap2
DEU	NOR	0.172026	-1.028498	1.283308	1.023655	-1.140814	1.130603	0.814793	0.758635	0.102283	-1.069057	1.221897	-0.881912	-1.987368	1.207844	-1.35512	-1.814276	Nego	War1
POL	DEU	0.608265	-0.366434	1.388099	0.06292	-1.121723	1.23925	-0.463574	-0.841218	0.172026	-0.709998	1.006285	0.113872	-1.229967	0.714299	-0.438099	-0.698083	SQ	War1
HUN	xxx	0.27651	-0.927487	1.340885	0.873918	-1.133347	1.121298	0.5514	0.44847	0.320722	-0.899416	1.376567	-0.679541	-1.80281	1.349854	-1.157951	-1.609648	Nego	Cap2
ITA	GBR	0.06997	-1.158264	1.25859	-0.165269	-1.747401	1.229842	-0.488586	-0.783155	0.16449	-1.107265	1.339881	0.061992	-1.62946	1.306449	-0.232538	-0.493635	SQ	Acq1
ITA	FRA	0.06997	-1.008315	1.118117	-0.135321	-1.597771	1.089391	-0.458775	-0.753503	0.407934	-0.790217	1.408499	0.048112	-1.408936	1.38182	-0.287925	-0.597284	SQ	Acq1
ITA	DEU	0.06997	-0.556248	0.686253	-0.293477	-1.344762	0.671456	-0.702532	-1.096789	0.172026	-0.472331	0.790894	0.463916	-0.731175	0.739036	0.282635	0.153213	Nego	Acq1
ITA	ALB	0.06997	-0.394879	0.529363	0.440483	-0.491045	0.466122	0.329159	0.281076	0.389245	-0.108649	0.852703	-0.029983	-1.026821	0.846978	-0.494794	-0.95388	Nego	Cap2
ROU	HUN	0.492882	-0.795964	1.511837	-0.099101	-1.494004	1.363007	-0.596951	-0.945971	0.27651	-0.937021	1.348202	-0.07902	-1.561565	1.163146	-0.576348	-0.88862	SQ	Nego
RUS	POL	0.358388	-0.26472	0.932418	0.384802	-0.722158	0.73797	-0.038365	-0.267083	0.608265	-0.038028	1.16432	0.301256	-0.755844	1.063189	-0.158784	-0.517691	Nego	War1
RUS	EST	0.358388	-0.298481	0.960861	0.479639	-0.680602	0.739421	0.067138	-0.123923	0.294146	-0.35403	0.898702	-0.052597	-1.113409	0.812467	-0.518522	-0.898211	Nego	Cap2
RUS	LVA	0.358388	-0.298481	0.960861	0.481746	-0.678929	0.738822	0.069483	-0.120742	0.217186	-0.419546	0.822641	-0.104453	-1.165886	0.731733	-0.568532	-0.941702	Nego	Cap2
RUS	FIN	0.358388	-0.584625	1.191412	0.953672	-0.718485	0.880998	0.576328	0.509398	0.073023	-0.795946	0.921853	-0.636091	-1.702888	0.888502	-1.122913	-1.576384	Nego	War1
EST	POL	0.294146	-0.799062	1.265309	-0.37816	-1.595173	1.205336	-0.836188	-1.234244	0.608265	-0.570317	1.50982	0.625738	-0.995328	1.340689	0.244102	0.031596	Nego	Cap2
EST	POL	0.294146	-0.799062	1.265309	-0.37816	-1.595173	1.205336	-0.836188	-1.234244	0.608265	-0.570317	1.50982	0.625738	-0.995328	1.340689	0.244102	0.031596	Nego	War1
GBR	FRA	0.004938	-0.347995	0.357648	-0.102044	-0.999446	0.355927	-0.429491	-0.755216	0.171738	-0.19613	0.531265	0.258137	-0.571617	0.528181	0.06731	-0.120434	Nego	War1
GBR	CHE	0.004938	-1.082425	1.09008	0.604916	-1.305745	1.086246	0.489421	0.377761	-0.013065	-1.092815	1.072514	-0.60509	-1.867572	1.071402	-0.993581	-1.380959	Nego	Cap2
GBR	PRT	0.004938	-0.464407	0.473887	0.280168	-0.670865	0.469968	0.173021	0.069792	0.280984	-0.22167	0.758357	-0.052114	-1.048658	0.757503	-0.466462	-0.879956	Nego	Cap2
GBR	xxx	0.004938	-0.792821	0.801532	-0.093158	-1.353983	0.799365	-0.375905	-0.656486	0.46513	-0.439096	1.239138	0.280882	-1.010087	1.237019	-0.006731	-0.292227	SQ	Cap2
GBR	ROU	0.004938	-0.948591	0.956782	-0.235579	-1.57438	0.954935	-0.550321	-0.863216	0.639743	-0.492822	1.502259	0.271776	-1.10958	1.500367	-0.038496	-0.346875	SQ	Cap2
GBR	RUS	0.004938	-1.234336	1.241274	-0.335347	-1.871197	1.239481	-0.655571	-0.974002	0.102794	-1.185031	1.327199	0.280035	-1.601858	1.324319	0.068742	-0.139671	Nego	Cap2
GBR	SWE	0.004938	-1.082425	1.09008	0.619713	-1.298934	1.086212	0.50759	0.399335	-0.022727	-1.098367	1.063013	-0.62172	-1.877838	1.061924	-1.012545	-1.402281	Nego	Acq1
GBR	NOR	0.004938	-1.082425	1.09008	0.678568	-1.271843	1.086078	0.579857	0.485148	0.087392	-1.034072	1.168266	-0.652608	-1.860864	1.16741	-1.066859	-1.480255	Nego	Acq1
GBR	DNK	0.004938	-1.119071	1.126565	0.102752	-1.574983	1.123878	-0.127891	-0.355847	0.09851	-1.065947	1.213686	-0.123676	-1.652604	1.211645	-0.419046	-0.712374	Nego	Cap2
CHE	DEU	-0.013065	-1.13413	1.114316	-0.808249	-1.989194	1.116209	-1.233887	-1.661419	0.042412	-1.103168	1.167029	0.824859	-1.25389	1.178125	0.760593	0.685232	Nego	War1
ESP	GBR	-0.040412	-0.771175	0.698403	-0.520246	-1.600426	0.705303	-0.927971	-1.342596	0.004938	-0.737422	0.746293	0.501042	-0.902716	0.780025	0.452127	0.369479	Nego	War1
ESP	FRA	-0.040412	-1.157705	1.096518	-0.815598	-2.005942	1.102651	-1.233584	-1.657702	0.171738	-1.03825	1.291177	0.862788	-1.222154	1.324157	0.803816	0.711864	Nego	Cap2
ESP	FRA	-0.040412	-1.157705	1.096518	-0.815598	-2.005942	1.102651	-1.233584	-1.657702	0.171738	-1.03825	1.291177	0.862788	-1.222154	1.324157	0.803816	0.711864	Nego	Cap2
DEU	USA	0.042412	-1.103168	1.167029	-0.010172	-1.621713	1.146609	-0.289865	-0.549137	-0.434852	-1.353264	0.655127	0.086242	-1.636518	0.624728	-0.085784	-0.227411	Nego	Cap2
DEU	IRL	0.042412	-1.103168	1.167029	0.819658	-1.256181	1.131106	0.707229	0.630722	0.098594	-1.07123	1.218621	-0.772798	-1.940902	1.213094	-1.213162	-1.647998	Nego	Cap2
DEU	PRT	0.042412	-1.204498	1.264215	0.345412	-1.576677	1.237588	0.132695	-0.053394	0.280984	-1.077839	1.459221	-0.45972	-1.834203	1.448888	-0.848235	-1.226417	Nego	Cap2
DEU	HUN	0.042412	-0.237151	0.320779	0.008928	-0.796093	0.302073	-0.289249	-0.56872	0.79822	0.495531	1.071614	0.756785	-0.050968	1.05238	0.464302	0.191052	SQ	Acq1
DEU	HUN	0.042412	-0.237151	0.320779	0.008928	-0.796093	0.302073	-0.289249	-0.56872	0.79822	0.495531	1.071614	0.756785	-0.050968	1.05238	0.464302	0.191052	SQ	Cap2
DEU	xxx	0.042412	-0.966701	1.035457	0.261317	-1.353354	1.009444	0.041977	-0.15135	0.46513	-0.679725	1.405676	-0.221053	-1.459781	1.396348	-0.620409	-1.010437	Nego	War1
DEU	BGR	0.042412	-1.066613	1.13186	0.359935	-1.417731	1.104339	0.156856	-0.018704	0.489018	-0.785091	1.500934	-0.346983	-1.593445	1.492805	-0.759288	-1.163465	Nego	Nego
DEU	ROU	0.042412	-0.516435	0.596452	0.022167	-1.032467	0.575926	-0.256376	-0.514392	0.639743	0.012772	1.176781	0.422567	-0.635173	1.16185	0.083663	-0.24031	SQ	Cap2
DEU	RUS	0.042412	-0.605543	0.683884	0.230679	-0.95702	0.656379	0.027435	-0.148303	0.102794	-0.557031	0.746491	-0.15284	-1.246955	0.73334	-0.510953	-0.855915	Nego	War1
DEU	SWE	0.042412	-1.103168	1.167029	0.821066	-1.255561	1.13108	0.708921	0.632724	-0.022727	-1.139466	1.104955	-0.805847	-1.990822	1.09865	-1.237829	-1.663507	Nego	War1
DEU	DNK	0.042412	-0.592183	0.670792	0.478226	-0.744653	0.634846	0.366045	0.28981	0.09851	-0.546832	0.729061	-0.369984	-1.408225	0.723182	-0.806559	-1.237256	Nego	War1
DEU	TUR	-0.051402	-1.42467	1.361515	0.347629	-1.788568	1.394212	0.198377	0.016428	0.337433	-1.261322	1.641616	-0.580495	-2.026792	1.653672	-0.951175	-1.33391	Nego	Cap1
HUN	ROU	0.79822	0.500827	1.06729	0.821577	0.067059	0.615312	0.152715	-0.064169	0.639743	0.341346	0.916368	0.497367	-0.387323	0.699787	-0.083549	-0.447884	Acq2	Acq1
ITA	FRA	0.493137	-0.540723	1.349228	0.085884	-1.209177	1.185731	-0.411841	-0.746068	0.171738	-0.779654	1.067592	-0.068394	-1.394616	0.877715	-0.565751	-0.873232	SQ	Cap2
ITA	ESP	0.493137	-0.861411	1.550969	0.605277	-1.253428	1.25115	0.109449	-0.086559	-0.040412	-1.175049	1.114526	-0.630328	-1.937135	0.997202	-1.128695	-1.509738	Nego	Cap2
ITA	xxx	0.493137	-0.356676	1.220484	0.463587	-0.836588	0.964009	-0.032844	-0.2728	0.46513	-0.380313	1.196062	-0.032588	-1.159728	1.087283	-0.531074	-0.920781	SQ	Cap2
ITA	GRC	0.493137	-0.45537	1.290708	0.543738	-0.883169	1.008535	0.047665	-0.166235	0.517181	-0.435707	1.310638	-0.129155	-1.260167	1.224073	-0.62795	-1.040181	Nego	Cap2
ITA	SWE	0.493137	-0.802797	1.516232	1.04364	-1.006586	1.123591	0.549104	0.44721	-0.022727	-1.120149	1.085237	-0.850931	-1.998076	1.025038	-1.350093	-1.789057	Nego	Cap2
ITA	TUR	-0.005043	-1.406514	1.400385	0.450854	-1.744799	1.403722	0.285048	0.115906	0.337433	-1.261322	1.641616	-0.640878	-2.047592	1.642694	-1.032935	-1.42607	Nego	War1
BGR	GRC	0.489018	0.410566	0.566315	0.414893	-0.561647	0.552726	-0.084801	-0.570908	0.517181	0.438664	0.594464	0.589611	0.407513	0.120679	0.10025	0.084675	Acq2	Acq1
BGR	TUR	0.489018	0.133002	0.822297	0.50284	-0.330454	0.559917	0.008732	-0.222996	0.045838	-0.283336	0.37322	-0.041546	-0.915065	0.193128	-0.537501	-0.853366	Nego	Acq1
ROU	USA	0.639743	-0.759151	1.641286	-0.185477	-1.520163	1.488396	-0.718874	-1.09938	-0.434852	-1.371575	0.681559	0.075501	-1.666761	0.230659	-0.522992	-0.670585	Nego	Cap2
RUS	BGR	0.102794	-1.215863	1.35477	0.516938	-1.541787	1.285479	0.284685	0.121723	0.489018	-1.008706	1.630238	-0.618985	-1.861026	1.615057	-1.060326	-1.486485	Nego	Acq1
RUS	ROU	0.102794	-1.060431	1.214792	0.028141	-1.581985	1.165611	-0.281817	-0.542594	0.639743	-0.715926	1.620162	-0.168195	-1.481461	1.59606	-0.575064	-0.957831	SQ	Cap2
RUS	ROU	0.102794	-1.060431	1.214792	0.028141	-1.581985	1.165611	-0.281817	-0.542594	0.639743	-0.715926	1.620162	-0.168195	-1.481461	1.59606	-0.575064	-0.957831	SQ	Cap2
RUS	ROU	0.102794	-1.060431	1.214792	0.028141	-1.581985	1.165611	-0.281817	-0.542594	0.639743	-0.715926	1.620162	-0.168195	-1.481461	1.59606	-0.575064	-0.957831	SQ	Cap2
RUS	EST	0.102794	-0.076577	0.280971	0.182689	-0.351455	0.206433	-0.029288	-0.166727	0.210045	0.026959	0.390581	0.121441	-0.713204	0.363871	-0.27535	-0.645431	Nego	Cap2
RUS	LVA	0.102794	-0.076577	0.280971	0.181774	-0.354013	0.206696	-0.031219	-0.169937	0.145852	-0.035097	0.325077	0.060465	-0.769775	0.297804	-0.334147	-0.701485	Nego	War1
RUS	LTU	0.102794	-0.141628	0.345002	0.263137	-0.309856	0.259502	0.093523	0.009409	0.080988	-0.162224	0.322474	-0.08494	-1.002775	0.306084	-0.521605	-0.941881	Nego	Cap2
TUR	RUS	0.045838	-1.335002	1.392888	-0.635743	-2.078665	1.381138	-1.019325	-1.391157	0.102794	-1.310057	1.438358	0.565774	-1.627543	1.407073	0.375745	0.217002	Nego	Nego
USA	DEU	-0.291932	-1.332021	0.887283	-0.258709	-1.848395	1.028468	-0.375711	-0.633898	-0.143793	-1.259769	1.045637	0.490219	-1.500689	1.267237	0.591359	0.470899	War1	War1
GBR	GRC	-0.127253	-0.914784	0.690724	0.425729	-1.079838	0.796974	0.449451	0.366924	0.166004	-0.705937	0.992848	-0.437368	-1.547842	1.012967	-0.838203	-1.259155	Acq2	Cap2
GBR	BGR	-0.127253	-1.372016	1.199832	-0.364345	-1.980208	1.249691	-0.618582	-0.922678	0.882447	-0.833239	1.844844	-0.251017	-1.615836	1.872509	-0.614651	-1.00595	SQ	Acq1
GBR	FIN	-0.127253	-1.17901	0.981048	0.689505	-1.31398	1.091125	0.732098	0.664613	-0.023832	-1.12189	1.085298	-0.767538	-1.961346	1.105728	-1.166837	-1.586565	Acq2	Cap2
DEU	PRT	-0.143793	-1.397418	1.205391	0.642538	-1.613666	1.318089	0.647112	0.538988	0.257975	-1.217769	1.535903	-0.722958	-2.038078	1.561741	-1.107274	-1.517428	Acq2	Cap2
DEU	PRT	-0.143793	-1.397418	1.205391	0.642538	-1.613666	1.318089	0.647112	0.538988	0.257975	-1.217769	1.535903	-0.722958	-2.038078	1.561741	-1.107274	-1.517428	Acq2	Cap2
DEU	BGR	-0.143793	-0.209867	-0.077493	-0.102785	-0.400935	0.038826	-0.082	-0.177535	0.882447	0.810895	0.951967	0.835163	-0.017076	0.976704	0.445915	0.031929	Acq2	Acq1
DEU	SWE	-0.143793	-1.259769	1.045637	0.839953	-1.348987	1.176602	0.926308	0.881699	-0.086704	-1.231029	1.103022	-0.935985	-2.10462	1.121199	-1.354604	-1.7914	Acq2	Cap2
HUN	USA	0.825707	-0.675598	1.760599	-0.283598	-1.514691	1.627738	-0.836007	-1.255554	-0.291932	-1.332021	0.887283	0.068885	-1.700784	0.366066	-0.636713	-0.821095	Nego	Acq1
BGR	HUN	0.882447	0.810895	0.951967	0.832647	-0.034917	0.815904	0.273678	-0.149228	0.825707	0.75353	0.896006	0.868145	0.557979	0.186123	0.060486	-0.03729	Nego	Cap2
BGR	RUS	0.882447	-0.20659	1.624746	0.253366	-0.955431	1.403112	-0.342689	-0.71711	0.301285	-0.682588	1.183776	-0.101672	-1.371333	0.909109	-0.720711	-1.065083	SQ	War1
ROU	HUN	0.605427	0.532045	0.677511	0.556131	-0.302378	0.577266	0.038674	-0.378537	0.825707	0.75353	0.896006	0.867249	0.551694	0.412777	0.283102	0.182183	Acq2	Acq1
ROU	RUS	0.605427	-0.446727	1.434015	0.190964	-1.107663	1.228737	-0.344782	-0.67525	0.301285	-0.682588	1.183776	-0.1035	-1.372312	0.995926	-0.636211	-0.981073	SQ	Acq1
RUS	BGR	0.301285	-0.682588	1.183776	-0.138931	-1.391296	1.096014	-0.581047	-0.935401	0.882447	-0.20659	1.624746	0.290886	-0.934943	1.542903	-0.155133	-0.51931	SQ	Acq1
DEU	SWE	-0.25659	-1.258798	0.855542	0.732894	-1.316806	1.097248	0.945595	0.916591	-0.170915	-1.213952	0.948394	-0.970122	-2.10119	0.977327	-1.384808	-1.828427	Acq2	War1
ITA	SWE	0.316573	-0.906836	1.376774	1.014686	-1.065395	1.110396	0.669029	0.589749	-0.170915	-1.192713	0.923769	-0.915425	-2.061699	0.882294	-1.391393	-1.825886	Nego	Cap2
USA	ITA	0.5769	-0.741705	1.570755	-0.191533	-1.503789	1.433501	-0.709829	-1.090871	0.28607	-0.934517	1.358609	-0.129152	-1.583308	1.155997	-0.656159	-0.980555	SQ	Acq1
GBR	ITA	0.463028	-0.934981	1.563034	-0.444737	-1.738727	1.472163	-0.937481	-1.339354	0.28607	-1.040353	1.437649	0.145792	-1.561683	1.216012	-0.33651	-0.597175	SQ	Acq1
CHE	DEU	-0.218794	-1.247175	0.906739	-0.9822	-2.124155	0.933655	-1.393774	-1.832264	-0.366331	-1.321984	0.740318	0.631884	-1.374563	0.947609	0.812884	0.786595	Acq1	Acq1
DEU	ESP	-0.366331	-1.3679	0.803618	0.57634	-1.472563	1.131608	0.851998	0.799666	-0.208512	-1.292588	0.979182	-0.676327	-2.021319	1.078556	-0.941319	-1.305684	Acq2	Acq1
DEU	ITA	-0.366331	-0.51963	-0.209779	-0.258585	-0.677145	0.09885	-0.028714	-0.107471	0.28607	0.103273	0.465378	0.162128	-0.734192	0.52492	-0.197063	-0.615795	Acq2	War1
RUS	SWE	0.902718	-0.517409	1.763363	0.884508	-0.902741	1.208492	0.13697	-0.055696	-0.222584	-1.241131	0.892907	-0.81601	-2.041921	0.713077	-1.396235	-1.79663	SQ	Cap2
DEU	PRT	-0.165769	-1.217976	0.961652	0.513923	-1.423391	1.093369	0.542933	0.440225	0.311253	-0.946261	1.399064	-0.546876	-1.775971	1.427293	-0.933502	-1.348357	Acq2	Cap2
DEU	HUN	-0.165769	-0.746209	0.435925	0.387654	-0.787043	0.594925	0.526237	0.50582	0.494676	-0.197324	1.103679	-0.161334	-1.169661	1.108265	-0.642917	-1.129086	Acq2	Cap2
DEU	HUN	-0.165769	-0.746209	0.435925	0.387654	-0.787043	0.594925	0.526237	0.50582	0.494676	-0.197324	1.103679	-0.161334	-1.169661	1.108265	-0.642917	-1.129086	Acq2	War1
DEU	BGR	-0.165769	-1.166228	0.902003	0.776338	-1.226988	1.0577	0.901654	0.871274	0.61015	-0.673893	1.568817	-0.596792	-1.639515	1.574516	-1.073904	-1.556715	Acq2	War1
BGR	TUR	0.61015	-0.718892	1.592526	-0.212794	-1.499936	1.45893	-0.736911	-1.127434	-0.216454	-1.224171	0.882998	0.278671	-1.510967	0.447837	-0.299888	-0.443286	Nego	War1
ROU	HUN	0.488055	-0.761065	1.485106	-0.546799	-1.665673	1.43855	-1.04566	-1.497964	0.494676	-0.756451	1.489846	0.886894	-1.024872	1.132795	0.395633	0.261423	Nego	War1
RUS	BGR	0.782675	-0.583807	1.69128	1.018313	-0.879606	1.140118	0.319253	0.171354	0.61015	-0.712728	1.589313	-0.54367	-1.639289	1.531835	-1.064429	-1.52771	Nego	Cap2
TUR	DEU	-0.216454	-0.567897	0.14502	-0.396562	-1.327567	0.197041	-0.724376	-1.104211	-0.165769	-0.523687	0.20004	0.057947	-0.720022	0.373997	0.133737	0.035569	Acq1	Cap2
RUS	TUR	-0.462504	-1.164469	0.340425	0.036943	-1.366133	0.709659	0.305345	0.204513	1	-0.047705	1.676217	0.160193	-0.927109	1.731993	-0.223733	-0.663435	Acq2	Nego
USA	xxx	-0.485338	-1.356041	0.560893	0.218558	-1.534626	0.959557	0.52793	0.438637	0.690209	-0.649832	1.636491	-0.318066	-1.504723	1.706918	-0.675084	-1.10253	Acq2	Cap1
GBR	xxx	0.333965	-0.630425	1.190896	0.38014	-1.075572	1.005594	-0.027735	-0.250309	0.690209	-0.344362	1.478372	0.000308	-1.155267	1.415221	-0.468296	-0.873749	Nego	Cap1
ALB	GBR	0.530833	-0.773077	1.539757	-0.690752	-1.737482	1.520862	-1.191849	-1.674052	0.333965	-0.9036	1.396207	1.179305	-0.997913	0.915438	0.65138	0.604223	Nego	Cap2
GRC	ALB	0.187023	-0.943582	1.232216	-0.508279	-1.743516	1.194798	-0.945663	-1.34563	0.530833	-0.713225	1.504821	0.79778	-1.031993	1.377415	0.51099	0.351606	Nego	War1
GRC	ALB	0.020092	-1.045794	1.077372	-0.589327	-1.8308	1.073052	-0.98615	-1.378653	0.471403	-0.755244	1.462122	0.815147	-1.04702	1.447892	0.655029	0.509141	Nego	War1
RUS	USA	0.14269	-1.559723	1.687195	-0.784985	-2.321116	1.653148	-1.199728	-1.580425	-0.816909	-1.79238	0.75212	0.675803	-1.822373	0.613709	0.522396	0.5074	Nego	War1
RUS	GBR	-0.045229	-0.974391	0.898809	0.13562	-1.381816	0.92561	-0.041292	-0.245004	0.118425	-0.866825	1.061981	-0.141494	-1.490773	1.078989	-0.436459	-0.748434	Nego	War1
RUS	FRA	-0.045229	-0.900998	0.823061	0.097393	-1.321905	0.849253	-0.086869	-0.297322	0.458996	-0.533217	1.297673	-0.041427	-1.26461	1.309821	-0.394975	-0.760672	Nego	War1
xxx	ALB	-0.179395	-1.14517	0.854276	0.665744	-1.239462	1.016755	0.781077	0.733931	0.013618	-1.031788	1.05341	-0.755905	-1.899482	1.077145	-1.166017	-1.599864	Acq2	War1
GRC	ALB	-0.202619	-1.158397	0.828997	0.551368	-1.298092	1.003311	0.655835	0.585988	0.013618	-1.031788	1.05341	-0.613168	-1.83103	1.094087	-0.972112	-1.371733	Acq2	War1
RUS	xxx	-0.253938	-1.278616	0.884927	0.650539	-1.386951	1.111355	0.8228	0.768632	-0.179395	-1.240609	0.965389	-0.805364	-2.043308	1.015491	-1.156611	-1.557961	Acq2	Cap1
ISL	RUS	0.885471	-0.799108	1.837321	-0.489301	-1.681598	1.733269	-1.034598	-1.475842	-0.253938	-1.407724	1.049876	0.120164	-1.786025	0.499379	-0.619482	-0.808633	Nego	Cap2
GRC	BGR	-0.230674	-1.2312	0.866838	-0.533856	-1.898821	0.943509	-0.790996	-1.124806	0.271981	-0.94331	1.347168	0.56753	-1.283692	1.499325	0.549495	0.379303	Nego	Acq1
RUS	GBR	-0.056182	-1.250893	1.170356	-0.194623	-1.814643	1.194865	-0.451988	-0.733863	0.44606	-0.97921	1.572068	-0.111083	-1.638939	1.591185	-0.42183	-0.751695	SQ	Cap2
HUN	xxx	0.227445	-0.970811	1.310286	0.356442	-1.388963	1.177947	0.015027	-0.194049	-0.311626	-1.273574	0.776149	-0.341896	-1.819035	0.672766	-0.718009	-0.99074	Nego	Cap1
ITA	ALB	0.676483	-0.786366	1.686494	0.925107	-1.094263	1.218298	0.302962	0.149014	-0.135741	-1.258179	1.056622	-0.871723	-2.091229	0.943683	-1.401187	-1.817712	Nego	Acq1
xxx	ALB	-0.311626	-1.218094	0.704909	0.592091	-1.276761	0.998253	0.856101	0.826767	-0.135741	-1.118645	0.89943	-0.817025	-1.969186	0.946005	-1.195721	-1.620991	Acq2	War1
BGR	GRC	0.06023	-1.495096	1.55818	-0.532601	-2.179863	1.539194	-0.893971	-1.236355	0.810865	-1.190336	1.900391	-0.672831	-2.022898	1.890306	-1.099197	-1.515478	SQ	War1
RUS	GBR	-0.17623	-1.344133	1.093341	-0.227542	-1.88604	1.174071	-0.417766	-0.688719	0.327207	-1.095039	1.522668	0.084591	-1.644404	1.602083	-0.110676	-0.385358	SQ	Cap2
RUS	SWE	-0.17623	-1.232785	0.961479	0.539984	-1.424875	1.103857	0.586317	0.490272	-0.322839	-1.307367	0.800109	-0.598698	-1.971103	0.859369	-0.871307	-1.203174	War1	Cap2
TUR	BGR	0.06295	-1.494182	1.560063	0.631559	-1.798187	1.51625	0.435743	0.283741	0.06023	-1.495096	1.55818	-0.751352	-2.251508	1.542847	-1.144892	-1.523097	Nego	War1
USA	xxx	-0.746026	-1.729096	0.72715	0.565759	-1.794802	1.424157	1.229913	1.19706	0.158229	-1.461477	1.622683	-0.472271	-2.140739	1.861961	-0.572623	-0.912255	War1	Cap1
xxx	ITA	-0.139925	-0.981232	0.740057	-0.679441	-1.805904	0.76459	-1.067244	-1.479579	0.622009	-0.424186	1.441109	0.924134	-0.701341	1.542253	0.886701	0.748124	Nego	Nego
USA	CHE	-0.683425	-1.504395	0.393289	0.257813	-1.575784	1.027924	0.856753	0.821058	-0.406007	-1.379943	0.747856	-0.679022	-2.050531	0.972984	-0.789188	-1.124483	War1	Nego
xxx	ITA	0.019312	-0.846023	0.879286	-0.586787	-1.695768	0.876384	-1.014561	-1.439433	0.624763	-0.385123	1.420994	0.921758	-0.661537	1.407021	0.769578	0.63137	Nego	War1
RUS	FIN	-0.10547	-0.681534	0.483693	0.208773	-0.917471	0.564279	0.17139	0.053422	0.083571	-0.528855	0.684677	-0.23833	-1.289451	0.709927	-0.593378	-0.973677	Nego	Acq1
ALB	ITA	0.179349	-1.508766	1.677204	-0.732229	-2.265029	1.63349	-1.154075	-1.532207	0.823292	-1.262859	1.920063	-0.793525	-2.115405	1.893617	-1.246244	-1.672517	SQ	Cap2
RUS	SWE	-0.303155	-1.299725	0.825369	0.401563	-1.499155	1.068066	0.544546	0.444831	-0.30938	-1.302832	0.818311	-0.47115	-1.91074	0.937175	-0.65624	-0.960194	War1	Cap2
xxx	ITA	-0.324234	-1.081078	0.510076	-0.514866	-1.725228	0.625454	-0.721563	-1.043638	0.80384	-0.238739	1.554974	0.66769	-0.733402	1.718821	0.584205	0.336873	SQ	Cap2
RUS	POL	-0.272111	-0.344959	-0.198732	-0.287364	-0.951084	-0.091555	-0.483249	-0.786311	-0.003043	-0.081854	0.075774	0.015317	-0.465399	0.243519	-0.008711	-0.200483	Nego	War1
RUS	HUN	-0.272111	-0.344959	-0.198732	-0.287342	-0.950935	-0.091514	-0.483112	-0.7861	0.147124	0.065829	0.228066	0.164944	-0.323241	0.394306	0.13665	-0.057885	Nego	War1
NOR	RUS	0.906125	-1.305639	1.949186	-1.068555	-2.232798	1.883183	-1.598137	-2.061717	-0.272111	-1.680774	1.404394	0.334593	-2.027531	0.812474	-0.430705	-0.604084	Nego	Cap2
NOR	RUS	0.906125	-1.305639	1.949186	-1.068555	-2.232798	1.883183	-1.598137	-2.061717	-0.272111	-1.680774	1.404394	0.334593	-2.027531	0.812474	-0.430705	-0.604084	Nego	Cap2
USA	xxx	-0.638712	-1.732363	0.942426	0.723887	-1.814066	1.528954	1.269563	1.228711	-0.004189	-1.565318	1.561149	-0.1195	-2.102873	1.856518	-0.092908	-0.361686	War1	Acq1
ALB	ITA	0.149741	-1.465507	1.618214	-0.63413	-2.195905	1.577843	-1.0397	-1.404899	0.82259	-1.185995	1.903691	-0.787233	-2.056933	1.884365	-1.242028	-1.677497	SQ	Cap2
NOR	RUS	0.859725	-1.325895	1.941557	-1.048847	-2.241105	1.86866	-1.579348	-2.036953	-0.299962	-1.687375	1.379452	0.371751	-2.015956	0.802216	-0.369775	-0.534066	Nego	Cap2
USA	xxx	-0.529203	-1.673015	1.010393	0.674605	-1.79815	1.473375	1.075019	1.012452	-0.032492	-1.526604	1.491689	-0.078096	-2.046695	1.745659	-0.084171	-0.344216	War1	Cap1
BEL	xxx	0.855719	-1.169123	1.911713	-0.824101	-2.057133	1.815881	-1.363938	-1.807943	-0.032492	-1.526604	1.491689	-0.286927	-2.115883	1.140227	-0.933029	-1.227668	SQ	Cap1
ALB	USA	0.144555	-1.467312	1.614944	-0.596083	-2.184652	1.574084	-0.995613	-1.354284	-0.529203	-1.673015	1.010393	0.758339	-1.766946	0.879416	0.580397	0.533432	Nego	Cap2
ALB	GBR	0.144555	-1.467312	1.614944	-0.631333	-2.196089	1.575737	-1.034929	-1.399317	0.615038	-1.283698	1.842051	-0.62009	-2.071394	1.811362	-1.044628	-1.438477	SQ	Cap2
RUS	USA	0.208425	-1.64749	1.796454	-1.148597	-2.502629	1.766262	-1.606359	-2.033929	-0.50699	-1.791003	1.292534	1.139253	-1.840713	1.09447	0.916334	0.891479	Nego	Cap2
RUS	USA	0.208425	-1.64749	1.796454	-1.148597	-2.502629	1.766262	-1.606359	-2.033929	-0.50699	-1.791003	1.292534	1.139253	-1.840713	1.09447	0.916334	0.891479	Nego	Cap2
RUS	USA	0.208425	-1.64749	1.796454	-1.148597	-2.502629	1.766262	-1.606359	-2.033929	-0.50699	-1.791003	1.292534	1.139253	-1.840713	1.09447	0.916334	0.891479	Nego	Cap2
RUS	GBR	-0.257548	-1.677296	1.417151	0.163213	-2.082518	1.570335	0.113786	-0.088825	0.615038	-1.422346	1.887533	-0.795532	-2.232969	1.936306	-1.15207	-1.557381	Nego	Cap2
RUS	FRA	-0.257548	-1.677296	1.417151	0.138135	-2.090622	1.568248	0.082569	-0.124095	0.806368	-1.348337	1.931827	-0.957057	-2.22905	1.962549	-1.366692	-1.807049	Nego	Cap2
ISL	GBR	0.895275	0.89425	0.8963	0.89425	-0.105527	0.8961	0.394162	-0.105727	0.615038	0.613979	0.616098	0.616097	0.613755	-0.278977	-0.279089	-0.279201	Acq2	War1
TUR	GRC	0.176452	0.175419	0.177485	0.17738	0.124217	0.010068	-0.015639	-0.04124	0.895863	0.894838	0.896888	0.894901	-0.074154	0.891417	0.404934	-0.079562	Nego	Acq1
USA	CHE	-0.595953	-1.462409	0.504285	0.280752	-1.576068	1.032503	0.752141	0.695311	-0.256102	-1.303964	0.913077	-0.449325	-1.918477	1.142809	-0.52685	-0.834107	War1	Cap1
RUS	DNK	-0.272236	-1.680804	1.404283	0.295075	-2.040343	1.57864	0.289663	0.109894	0.85853	-1.326407	1.94135	-1.037764	-2.238076	1.965397	-1.469552	-1.925386	Nego	Cap2
USA	AUT	-0.569553	-1.445045	0.529632	0.241119	-1.591151	1.015969	0.654404	0.581351	-0.253288	-1.295677	0.907458	-0.321897	-1.853679	1.159199	-0.349157	-0.628158	War1	Acq1
USA	RUS	-0.569553	-1.726774	1.051969	0.672224	-1.863435	1.543686	1.095611	1.027281	-0.201016	-1.635671	1.427061	0.41074	-1.967505	1.807616	0.625377	0.45946	War1	Cap1
AUT	HUN	-0.253288	-1.229823	0.825424	-0.42187	-1.836705	0.924996	-0.625739	-0.92918	0.151053	-1.000341	1.230009	0.431436	-1.358389	1.392608	0.415011	0.235987	Nego	Acq1
AUT	ITA	-0.253288	-1.295677	0.907458	-0.573412	-1.967842	0.990495	-0.826457	-1.162539	0.809486	-0.65726	1.741856	0.445631	-1.197553	1.858294	0.291923	0.021777	SQ	Acq1
RUS	BEL	-0.201016	-1.635671	1.427061	0.054047	-2.083968	1.537962	-0.0592	-0.283348	0.847896	-1.27824	1.930244	-0.942686	-2.173657	1.951267	-1.369372	-1.81708	Nego	Acq1
ISL	GBR	0.887879	0.886852	0.888905	0.886852	-0.112915	0.888698	0.386762	-0.113122	0.663678	0.662621	0.664735	0.664734	0.662387	-0.222936	-0.223054	-0.223171	Acq2	War1
USA	RUS	-0.558572	-1.724224	1.065084	0.656123	-1.870841	1.54176	1.059491	0.986182	-0.218075	-1.640161	1.412489	0.467425	-1.949749	1.798134	0.698276	0.543482	War1	Cap1
xxx	xxx	0.081212	-1.461751	1.549197	-0.420409	-2.115899	1.52111	-0.775571	-1.102645	0.710248	-1.201514	1.861546	-0.727342	-2.046711	1.848974	-1.162512	-1.585111	SQ	War1
RUS	USA	0.182012	-1.653626	1.785104	-1.066817	-2.482979	1.754044	-1.512553	-1.92723	-0.531117	-1.795176	1.266958	1.113274	-1.845364	1.094082	0.915303	0.890209	Nego	Acq1
DNK	GBR	0.85833	0.857297	0.859362	0.857377	-0.103937	0.826088	0.343486	-0.137131	0.639361	0.638302	0.640419	0.640337	0.599423	-0.18454	-0.204061	-0.223501	Nego	Cap2
DNK	GBR	0.85833	0.857297	0.859362	0.857377	-0.103937	0.826088	0.343486	-0.137131	0.639361	0.638302	0.640419	0.640337	0.599423	-0.18454	-0.204061	-0.223501	Nego	Cap2
USA	RUS	-0.565935	-1.725935	1.056304	0.657099	-1.869418	1.541037	1.070091	0.998349	-0.394475	-1.684967	1.246425	0.671114	-1.881226	1.70129	1.02785	0.929721	War1	War1
RUS	TUR	-0.058848	-1.176789	1.087973	-0.237414	-1.76201	1.112382	-0.505616	-0.798227	0.849411	-0.596053	1.750257	-0.243905	-1.445967	1.759089	-0.66003	-1.084987	SQ	Cap2
xxx	xxx	0.078574	-1.510046	1.589599	-0.359081	-2.138724	1.560423	-0.702597	-1.016936	0.790174	-1.232296	1.902424	-0.897311	-2.125433	1.894027	-1.352276	-1.798845	SQ	Cap2
RUS	USA	0.168394	-1.347417	1.541833	-0.820562	-2.165067	1.511126	-1.260094	-1.668919	-0.553781	-1.610976	0.847973	0.700385	-1.670997	0.689685	0.512088	0.482077	Nego	Cap2
RUS	USA	0.168394	-1.347417	1.541833	-0.820562	-2.165067	1.511126	-1.260094	-1.668919	-0.553781	-1.610976	0.847973	0.700385	-1.670997	0.689685	0.512088	0.482077	Nego	Acq1
RUS	xxx	-0.396008	-1.685344	1.244854	0.45087	-1.95631	1.533557	0.604089	0.468606	0.790174	-1.303961	1.91822	-0.940059	-2.191025	1.962943	-1.338867	-1.782399	Acq2	Cap2
RUS	FIN	-0.396008	-0.900173	0.149121	-0.169678	-1.203995	0.424813	-0.045897	-0.197808	-0.05926	-0.637285	0.526097	-0.151905	-1.220071	0.691317	-0.278078	-0.56947	War1	Cap2
TUR	GRC	0.157364	0.156334	0.158395	0.158341	0.13016	0.005149	-0.007992	-0.021079	0.876463	0.875433	0.877492	0.875466	-0.108997	0.875042	0.3808	-0.111415	Nego	War1
USA	RUS	-0.568075	-1.707273	1.012782	0.615837	-1.853206	1.497956	1.028044	0.955078	-0.428726	-1.671971	1.172225	0.645518	-1.857158	1.6351	1.0158	0.923206	War1	Cap1
POL	xxx	0.1042	-1.473891	1.582561	-0.416955	-2.128086	1.546528	-0.780085	-1.107182	0.80012	-1.186374	1.895451	-0.842128	-2.074672	1.883811	-1.297917	-1.742066	SQ	Cap2
POL	DNK	0.1042	-1.473891	1.582561	-0.367244	-2.111822	1.544833	-0.723937	-1.042902	0.886537	-1.141707	1.916619	-0.8849	-2.057737	1.907869	-1.351664	-1.80968	SQ	Cap2
RUS	USA	0.176823	-1.343898	1.547658	-0.829139	-2.165876	1.51618	-1.271606	-1.682596	-0.547515	-1.608954	0.855797	0.705345	-1.669995	0.689767	0.508795	0.478274	Nego	Cap2
RUS	USA	0.176823	-1.343898	1.547658	-0.829139	-2.165876	1.51618	-1.271606	-1.682596	-0.547515	-1.608954	0.855797	0.705345	-1.669995	0.689767	0.508795	0.478274	Nego	Cap2
RUS	xxx	-0.428726	-1.671971	1.172225	0.446039	-1.927293	1.491488	0.637641	0.50998	0.80012	-1.253712	1.910671	-0.887229	-2.137897	1.960324	-1.279669	-1.721761	Acq2	Acq1
RUS	SWE	-0.428726	-1.339046	0.646553	0.243385	-1.542091	0.988228	0.483538	0.382015	-0.217116	-1.230657	0.889665	-0.319985	-1.80116	1.073802	-0.4211	-0.706351	War1	Acq1
USA	RUS	-0.491823	-1.688158	1.102403	0.60391	-1.866793	1.506369	0.918559	0.829241	-0.466055	-1.681589	1.131385	0.65857	-1.849673	1.540541	0.983684	0.899642	War1	Acq1
CYP	TUR	-0.165976	-0.804819	0.498834	-0.593052	-1.642378	0.525796	-0.98487	-1.40365	0.222053	-0.502042	0.904905	0.665655	-0.672091	1.042657	0.718382	0.633357	Acq1	Nego
RUS	GBR	-0.466055	-1.681589	1.131385	0.466918	-1.917804	1.487351	0.704776	0.586668	0.788997	-1.258865	1.908031	-0.870163	-2.136126	1.965234	-1.25159	-1.690221	Acq2	Acq1
TUR	CYP	0.222053	-0.502042	0.904905	0.663469	-0.673645	0.720957	0.39372	0.307918	-0.165976	-0.804819	0.498834	-0.591117	-1.640894	0.462434	-1.045555	-1.463592	Nego	Acq1
GBR	PRT	0.833814	0.800309	0.866904	0.856604	0.645648	0.162048	0.074418	-0.002912	0.852322	0.818914	0.885302	0.827134	-0.057267	0.78206	0.285801	-0.152289	Nego	Acq1
RUS	USA	0.126474	-1.283097	1.442542	-0.750497	-2.087693	1.417828	-1.177509	-1.579807	-0.583703	-1.569696	0.715079	0.585624	-1.626356	0.595771	0.437986	0.409657	Nego	Cap2